date,cams_no2_umol_m2
2019-01-01,53.15654
2019-01-02,63.0206
2019-01-03,69.70102
2019-01-04,62.73357
2019-01-05,54.051342
2019-01-06,65.539604
2019-01-07,54.266502
2019-01-08,63.74977
2019-01-09,62.61091
2019-01-10,55.455307
2019-01-11,69.680336
2019-01-12,67.605125
2019-01-13,64.58848
2019-01-14,67.35141
2019-01-15,56.76243
2019-01-16,45.344173
2019-01-17,51.786827
2019-01-18,47.49167
2019-01-19,65.478546
2019-01-20,71.19607
2019-01-21,78.45323
2019-01-22,62.00539
2019-01-23,62.22748
2019-01-24,55.85321
2019-01-25,57.215103
2019-01-26,51.614864
2019-01-27,56.013702
2019-01-28,62.510387
2019-01-29,51.96777
2019-01-30,55.377308
2019-01-31,54.369923
2019-02-01,67.95827
2019-02-02,49.0367
2019-02-03,46.522156
2019-02-04,58.59659
2019-02-05,60.542336
2019-02-06,53.783184
2019-02-07,79.29159
2019-02-08,59.29874
2019-02-09,49.26726
2019-02-10,46.720234
2019-02-11,47.691208
2019-02-12,47.52645
2019-02-13,54.19884
2019-02-14,56.83087
2019-02-15,51.83066
2019-02-16,40.55285
2019-02-17,39.12399
2019-02-18,37.31655
2019-02-19,39.93692
2019-02-20,49.16233
2019-02-21,47.956676
2019-02-22,46.56212
2019-02-23,41.68844
2019-02-24,46.21327
2019-02-25,41.62561
2019-02-26,42.163784
2019-02-27,56.355476
2019-02-28,52.013397
2019-03-01,41.974148
2019-03-02,48.029263
2019-03-03,48.241066
2019-03-04,48.272423
2019-03-05,43.369995
2019-03-06,38.78842
2019-03-07,57.08642
2019-03-08,46.816875
2019-03-09,45.073658
2019-03-10,48.557365
2019-03-11,45.722164
2019-03-12,38.50988
2019-03-13,44.443188
2019-03-14,43.982277
2019-03-15,49.215416
2019-03-16,53.676853
2019-03-17,57.512447
2019-03-18,47.2782
2019-03-19,41.452595
2019-03-20,41.814228
2019-03-21,40.856533
2019-03-22,40.46494
2019-03-23,44.474785
2019-03-24,55.68308
2019-03-25,65.19828
2019-03-26,49.68704
2019-03-27,51.16494
2019-03-28,49.694576
2019-03-29,56.091206
2019-03-30,50.5153
2019-03-31,60.70635
2019-04-01,55.37306
2019-04-02,60.28601
2019-04-03,51.96131
2019-04-04,50.789906
2019-04-05,49.62975
2019-04-06,53.46238
2019-04-07,45.458683
2019-04-08,45.012566
2019-04-09,43.47628
2019-04-10,56.284424
2019-04-11,45.401276
2019-04-12,43.835236
2019-04-13,41.793114
2019-04-14,43.48634
2019-04-15,41.22559
2019-04-16,48.51663
2019-04-17,67.06034
2019-04-18,56.139137
2019-04-19,51.420532
2019-04-20,51.937977
2019-04-21,48.841175
2019-04-22,43.41594
2019-04-23,39.99989
2019-04-24,40.085228
2019-04-25,35.581646
2019-04-26,37.92834
2019-04-27,40.855606
2019-04-28,45.409447
2019-04-29,48.106033
2019-04-30,43.981026
2019-05-01,42.57293
2019-05-02,49.31095
2019-05-03,47.16905
2019-05-04,59.6327
2019-05-05,43.046387
2019-05-06,41.019615
2019-05-07,38.092117
2019-05-08,40.520508
2019-05-09,40.19443
2019-05-10,47.75075
2019-05-11,42.423847
2019-05-12,44.97514
2019-05-13,45.512463
2019-05-14,40.31343
2019-05-15,41.9094
2019-05-16,41.544228
2019-05-17,41.17033
2019-05-18,40.268814
2019-05-19,37.237637
2019-05-20,44.86372
2019-05-21,50.817303
2019-05-22,39.943302
2019-05-23,42.240616
2019-05-24,43.24358
2019-05-25,46.152565
2019-05-26,52.310005
2019-05-27,47.293777
2019-05-28,43.19979
2019-05-29,39.840958
2019-05-30,36.576637
2019-05-31,37.47999
2019-06-01,46.95387
2019-06-02,47.968464
2019-06-03,40.08903
2019-06-04,47.756737
2019-06-05,44.582027
2019-06-06,45.167343
2019-06-07,48.805862
2019-06-08,46.776665
2019-06-09,40.42171
2019-06-10,36.493114
2019-06-11,40.726353
2019-06-12,43.202892
2019-06-13,47.4059
2019-06-14,42.466286
2019-06-15,42.95155
2019-06-16,45.091232
2019-06-17,47.61852
2019-06-18,46.2327
2019-06-19,46.096283
2019-06-20,50.21548
2019-06-21,45.151463
2019-06-22,50.092896
2019-06-23,49.37611
2019-06-24,50.419113
2019-06-25,49.87181
2019-06-26,48.56966
2019-06-27,44.144897
2019-06-28,50.721508
2019-06-29,44.582485
2019-06-30,41.247917
2019-07-01,40.230385
2019-07-02,44.00129
2019-07-03,46.057068
2019-07-04,50.923374
2019-07-05,45.44099
2019-07-06,44.940006
2019-07-07,44.54656
2019-07-08,47.790913
2019-07-09,42.688805
2019-07-10,41.848293
2019-07-11,46.516197
2019-07-12,48.31138
2019-07-13,41.39521
2019-07-14,43.47315
2019-07-15,47.754673
2019-07-16,44.864346
2019-07-17,54.11889
2019-07-18,57.146103
2019-07-19,57.48238
2019-07-20,51.864807
2019-07-21,55.86203
2019-07-22,55.06778
2019-07-23,52.118076
2019-07-24,54.224552
2019-07-25,54.668304
2019-07-26,47.711758
2019-07-27,44.430023
2019-07-28,43.84756
2019-07-29,48.971592
2019-07-30,55.747448
2019-07-31,52.893555
2019-08-01,49.42082
2019-08-02,44.89777
2019-08-03,48.09964
2019-08-04,53.63354
2019-08-05,50.22969
2019-08-06,49.3138
2019-08-07,49.14533
2019-08-08,47.250114
2019-08-09,48.899883
2019-08-10,52.13044
2019-08-11,42.083668
2019-08-12,41.203384
2019-08-13,40.50064
2019-08-14,49.101295
2019-08-15,56.48388
2019-08-16,57.1489
2019-08-17,53.186836
2019-08-18,56.845497
2019-08-19,56.212734
2019-08-20,51.192814
2019-08-21,53.20029
2019-08-22,56.808346
2019-08-23,55.852493
2019-08-24,52.109608
2019-08-25,48.778976
2019-08-26,49.08995
2019-08-27,51.167927
2019-08-28,43.912994
2019-08-29,49.579617
2019-08-30,51.577923
2019-08-31,49.745075
2019-09-01,51.013374
2019-09-02,53.070522
2019-09-03,45.28096
2019-09-04,53.49301
2019-09-05,52.48783
2019-09-06,53.245247
2019-09-07,48.047047
2019-09-08,52.306736
2019-09-09,53.68071
2019-09-10,54.049393
2019-09-11,50.871716
2019-09-12,42.38798
2019-09-13,42.11511
2019-09-14,45.220592
2019-09-15,49.511143
2019-09-16,54.399284
2019-09-17,50.255363
2019-09-18,51.178116
2019-09-19,50.710495
2019-09-20,53.491432
2019-09-21,47.09479
2019-09-22,40.20356
2019-09-23,48.565205
2019-09-24,53.994156
2019-09-25,54.574745
2019-09-26,46.93187
2019-09-27,47.745274
2019-09-28,54.77065
2019-09-29,47.22233
2019-09-30,48.83135
2019-10-01,52.507523
2019-10-02,51.018627
2019-10-03,59.20687
2019-10-04,65.47656
2019-10-05,60.261204
2019-10-06,51.977722
2019-10-07,48.58455
2019-10-08,45.104137
2019-10-09,40.9625
2019-10-10,44.521984
2019-10-11,45.874695
2019-10-12,44.598392
2019-10-13,49.857536
2019-10-14,53.072235
2019-10-15,56.723614
2019-10-16,59.89751
2019-10-17,51.560562
2019-10-18,55.717827
2019-10-19,61.0033
2019-10-20,52.728367
2019-10-21,54.738503
2019-10-22,54.087807
2019-10-23,47.7015
2019-10-24,44.37691
2019-10-25,43.544605
2019-10-26,47.080524
2019-10-27,45.479412
2019-10-28,43.99416
2019-10-29,61.291313
2019-10-30,47.936375
2019-10-31,48.1878
2019-11-01,55.97268
2019-11-02,51.80789
2019-11-03,51.63428
2019-11-04,66.62128
2019-11-05,61.219246
2019-11-06,65.19914
2019-11-07,55.174496
2019-11-08,73.61716
2019-11-09,59.437687
2019-11-10,60.31011
2019-11-11,55.694572
2019-11-12,48.721485
2019-11-13,48.087578
2019-11-14,46.469517
2019-11-15,45.27362
2019-11-16,42.186813
2019-11-17,43.190918
2019-11-18,44.86882
2019-11-19,74.3596
2019-11-20,74.04066
2019-11-21,90.88299
2019-11-22,72.37968
2019-11-23,63.085186
2019-11-24,50.499073
2019-11-25,56.5121
2019-11-26,73.62531
2019-11-27,66.00367
2019-11-28,54.798298
2019-11-29,48.002243
2019-11-30,49.286816
2019-12-01,60.592636
2019-12-02,63.32851
2019-12-03,56.87296
2019-12-04,57.668507
2019-12-05,59.28397
2019-12-06,51.279293
2019-12-07,53.606007
2019-12-08,76.1672
2019-12-09,50.063034
2019-12-10,57.053688
2019-12-11,60.156246
2019-12-12,55.53375
2019-12-13,50.667004
2019-12-14,50.922226
2019-12-15,64.299545
2019-12-16,49.390324
2019-12-17,53.286724
2019-12-18,69.88723
2019-12-19,69.75737
2019-12-20,51.193016
2019-12-21,62.067703
2019-12-22,83.04547
2019-12-23,54.384876
2019-12-24,59.480762
2019-12-25,43.977085
2019-12-26,54.578644
2019-12-27,59.461765
2019-12-28,55.34556
2019-12-29,55.373714
2019-12-30,54.809494
2019-12-31,50.7865
2020-01-01,48.025757
2020-01-02,61.401493
2020-01-03,61.868793
2020-01-04,54.00808
2020-01-05,51.87421
2020-01-06,55.801086
2020-01-07,51.34678
2020-01-08,54.182117
2020-01-09,56.90029
2020-01-10,50.738632
2020-01-11,50.420086
2020-01-12,63.928417
2020-01-13,55.32904
2020-01-14,58.44848
2020-01-15,80.416145
2020-01-16,76.92287
2020-01-17,58.770847
2020-01-18,48.353962
2020-01-19,49.41829
2020-01-20,49.131405
2020-01-21,46.306107
2020-01-22,45.81809
2020-01-23,59.772182
2020-01-24,41.607647
2020-01-25,53.992054
2020-01-26,47.288692
2020-01-27,52.920097
2020-01-28,49.1543
2020-01-29,56.335064
2020-01-30,59.49303
2020-01-31,64.43792
2020-02-01,51.55311
2020-02-02,45.520332
2020-02-03,53.75259
2020-02-04,60.456993
2020-02-05,44.876904
2020-02-06,38.591526
2020-02-07,58.855064
2020-02-08,66.28082
2020-02-09,48.636024
2020-02-10,60.478924
2020-02-11,49.035713
2020-02-12,53.639988
2020-02-13,72.00466
2020-02-14,42.43762
2020-02-15,71.48247
2020-02-16,63.20805
2020-02-17,50.584717
2020-02-18,48.47018
2020-02-19,49.494923
2020-02-20,51.50043
2020-02-21,50.08938
2020-02-22,55.79128
2020-02-23,45.54334
2020-02-24,40.02865
2020-02-25,36.365597
2020-02-26,42.619236
2020-02-27,39.424324
2020-02-28,41.44498
2020-02-29,54.733776
2020-03-01,62.862286
2020-03-02,55.561993
2020-03-03,54.865364
2020-03-04,53.85463
2020-03-05,45.97159
2020-03-06,61.07642
2020-03-07,44.04575
2020-03-08,36.313133
2020-03-09,36.23589
2020-03-10,40.523582
2020-03-11,39.379898
2020-03-12,39.239834
2020-03-13,46.85353
2020-03-14,48.866833
2020-03-15,43.19595
2020-03-16,65.65932
2020-03-17,63.81377
2020-03-18,74.467155
2020-03-19,46.14536
2020-03-20,45.716995
2020-03-21,44.533806
2020-03-22,45.8536
2020-03-23,40.540176
2020-03-24,41.156662
2020-03-25,45.66554
2020-03-26,48.49592
2020-03-27,46.580357
2020-03-28,49.16162
2020-03-29,56.94671
2020-03-30,57.775917
2020-03-31,52.285435
2020-04-01,54.796032
2020-04-02,53.126266
2020-04-03,52.963364
2020-04-04,51.574886
2020-04-05,46.104065
2020-04-06,49.360405
2020-04-07,48.926414
2020-04-08,41.800236
2020-04-09,48.421093
2020-04-10,48.515285
2020-04-11,43.249615
2020-04-12,36.263622
2020-04-13,39.3585
2020-04-14,45.63505
2020-04-15,45.684772
2020-04-16,52.951694
2020-04-17,47.230484
2020-04-18,48.63442
2020-04-19,53.18662
2020-04-20,52.110893
2020-04-21,47.64276
2020-04-22,50.100956
2020-04-23,51.87045
2020-04-24,47.75768
2020-04-25,55.045322
2020-04-26,48.910015
2020-04-27,44.06409
2020-04-28,48.606785
2020-04-29,50.1409
2020-04-30,49.662643
2020-05-01,49.62683
2020-05-02,51.23802
2020-05-03,52.31151
2020-05-04,47.31119
2020-05-05,43.12962
2020-05-06,60.975277
2020-05-07,50.665314
2020-05-08,47.358402
2020-05-09,50.089684
2020-05-10,45.818798
2020-05-11,38.57839
2020-05-12,42.26021
2020-05-13,45.722866
2020-05-14,39.89754
2020-05-15,36.328476
2020-05-16,34.735153
2020-05-17,34.957382
2020-05-18,37.94509
2020-05-19,39.479683
2020-05-20,41.22855
2020-05-21,43.07597
2020-05-22,42.58818
2020-05-23,50.915478
2020-05-24,56.455135
2020-05-25,51.625904
2020-05-26,44.141804
2020-05-27,42.049168
2020-05-28,46.78335
2020-05-29,50.90104
2020-05-30,53.46586
2020-05-31,49.795254
2020-06-01,41.477673
2020-06-02,41.15568
2020-06-03,45.075207
2020-06-04,42.377758
2020-06-05,43.115738
2020-06-06,43.223495
2020-06-07,42.71136
2020-06-08,41.6478
2020-06-09,42.92819
2020-06-10,43.538998
2020-06-11,42.036186
2020-06-12,42.15452
2020-06-13,42.805576
2020-06-14,40.535282
2020-06-15,39.644833
2020-06-16,40.043476
2020-06-17,45.35298
2020-06-18,48.859818
2020-06-19,45.116005
2020-06-20,42.90976
2020-06-21,52.604588
2020-06-22,51.79584
2020-06-23,49.30846
2020-06-24,55.14372
2020-06-25,48.182995
2020-06-26,45.446262
2020-06-27,47.206585
2020-06-28,44.348454
2020-06-29,46.290546
2020-06-30,44.72786
2020-07-01,38.49474
2020-07-02,37.87573
2020-07-03,42.633152
2020-07-04,46.017105
2020-07-05,42.80271
2020-07-06,42.98886
2020-07-07,50.51687
2020-07-08,51.178146
2020-07-09,46.255928
2020-07-10,46.245747
2020-07-11,46.837578
2020-07-12,49.997913
2020-07-13,49.80814
2020-07-14,45.24287
2020-07-15,47.716335
2020-07-16,47.910576
2020-07-17,50.165894
2020-07-18,53.102737
2020-07-19,55.195095
2020-07-20,57.532692
2020-07-21,48.14236
2020-07-22,43.995872
2020-07-23,46.85467
2020-07-24,55.359722
2020-07-25,49.995693
2020-07-26,53.376
2020-07-27,49.963383
2020-07-28,51.545177
2020-07-29,48.63392
2020-07-30,43.763897
2020-07-31,46.0325
2020-08-01,53.529804
2020-08-02,51.74083
2020-08-03,44.171597
2020-08-04,47.042515
2020-08-05,44.224392
2020-08-06,40.85198
2020-08-07,41.142044
2020-08-08,48.254047
2020-08-09,52.174606
2020-08-10,56.158657
2020-08-11,49.869534
2020-08-12,49.35392
2020-08-13,51.649746
2020-08-14,50.713474
2020-08-15,46.258907
2020-08-16,48.39689
2020-08-17,45.95698
2020-08-18,50.384354
2020-08-19,51.81109
2020-08-20,53.350025
2020-08-21,46.322926
2020-08-22,44.197968
2020-08-23,42.377556
2020-08-24,42.255966
2020-08-25,42.663223
2020-08-26,49.573635
2020-08-27,48.368256
2020-08-28,46.36416
2020-08-29,43.72225
2020-08-30,42.985245
2020-08-31,44.104095
2020-09-01,48.193226
2020-09-02,53.516426
2020-09-03,46.6688
2020-09-04,48.310246
2020-09-05,51.57294
2020-09-06,51.84113
2020-09-07,55.765762
2020-09-08,47.727543
2020-09-09,45.189484
2020-09-10,42.44051
2020-09-11,48.44866
2020-09-12,48.807037
2020-09-13,50.21654
2020-09-14,42.408283
2020-09-15,45.81391
2020-09-16,46.825653
2020-09-17,49.391068
2020-09-18,53.349724
2020-09-19,41.137947
2020-09-20,46.588966
2020-09-21,48.815346
2020-09-22,51.36933
2020-09-23,50.03371
2020-09-24,53.85277
2020-09-25,59.04864
2020-09-26,58.622513
2020-09-27,53.884274
2020-09-28,44.712543
2020-09-29,49.27362
2020-09-30,53.53167
2020-10-01,53.244656
2020-10-02,55.38282
2020-10-03,48.916924
2020-10-04,47.288746
2020-10-05,50.80477
2020-10-06,51.57494
2020-10-07,49.468494
2020-10-08,47.853424
2020-10-09,47.951225
2020-10-10,45.37362
2020-10-11,48.840816
2020-10-12,53.24244
2020-10-13,51.199066
2020-10-14,50.415913
2020-10-15,44.651035
2020-10-16,46.58004
2020-10-17,48.21839
2020-10-18,49.893356
2020-10-19,58.02975
2020-10-20,58.280132
2020-10-21,48.361553
2020-10-22,43.0303
2020-10-23,44.58711
2020-10-24,45.316483
2020-10-25,45.742863
2020-10-26,47.351715
2020-10-27,49.885815
2020-10-28,45.373043
2020-10-29,49.24685
2020-10-30,41.959923
2020-10-31,43.34424
2020-11-01,43.98264
2020-11-02,46.853905
2020-11-03,50.37199
2020-11-04,52.012154
2020-11-05,50.67008
2020-11-06,63.477093
2020-11-07,47.818043
2020-11-08,49.110703
2020-11-09,48.117558
2020-11-10,50.752052
2020-11-11,42.967045
2020-11-12,55.804493
2020-11-13,47.313446
2020-11-14,57.25897
2020-11-15,82.95119
2020-11-16,64.34119
2020-11-17,52.81592
2020-11-18,58.948116
2020-11-19,69.84342
2020-11-20,75.046
2020-11-21,58.93254
2020-11-22,51.153294
2020-11-23,42.153416
2020-11-24,49.622505
2020-11-25,64.59228
2020-11-26,49.47041
2020-11-27,46.17612
2020-11-28,52.834846
2020-11-29,58.99598
2020-11-30,56.66191
2020-12-01,60.21113
2020-12-02,53.664143
2020-12-03,48.973194
2020-12-04,46.303116
2020-12-05,46.18381
2020-12-06,53.033108
2020-12-07,49.023384
2020-12-08,53.604107
2020-12-09,60.157368
2020-12-10,47.159702
2020-12-11,61.25201
2020-12-12,48.039814
2020-12-13,50.190674
2020-12-14,56.82576
2020-12-15,61.836735
2020-12-16,73.35474
2020-12-17,53.525124
2020-12-18,49.78761
2020-12-19,71.62478
2020-12-20,66.6239
2020-12-21,55.87751
2020-12-22,61.73588
2020-12-23,58.189735
2020-12-24,54.826145
2020-12-25,55.31608
2020-12-26,61.516884
2020-12-27,82.852165
2020-12-28,117.01616
2020-12-29,102.02554
2020-12-30,94.04349
2020-12-31,75.28477
2021-01-01,59.48544
2021-01-02,55.895386
2021-01-03,58.302002
2021-01-04,51.246555
2021-01-05,63.029533
2021-01-06,80.806175
2021-01-07,77.590576
2021-01-08,74.91312
2021-01-09,66.21959
2021-01-10,72.1978
2021-01-11,65.71548
2021-01-12,68.551094
2021-01-13,65.33874
2021-01-14,55.230293
2021-01-15,54.610397
2021-01-16,51.924767
2021-01-17,55.621014
2021-01-18,64.573746
2021-01-19,72.57482
2021-01-20,49.91552
2021-01-21,44.187103
2021-01-22,64.54236
2021-01-23,80.2576
2021-01-24,101.11942
2021-01-25,77.72582
2021-01-26,62.722065
2021-01-27,59.17228
2021-01-28,72.487816
2021-01-29,49.474735
2021-01-30,52.82819
2021-01-31,61.4788
2021-02-01,48.525467
2021-02-02,57.06254
2021-02-03,62.84124
2021-02-04,65.233765
2021-02-05,53.006504
2021-02-06,48.37023
2021-02-07,52.070244
2021-02-08,41.388268
2021-02-09,51.06044
2021-02-10,42.371346
2021-02-11,41.42303
2021-02-12,37.01977
2021-02-13,45.370983
2021-02-14,39.783188
2021-02-15,37.534855
2021-02-16,40.929688
2021-02-17,54.10714
2021-02-18,50.797726
2021-02-19,54.172207
2021-02-20,64.672966
2021-02-21,51.024277
2021-02-22,41.040115
2021-02-23,43.896988
2021-02-24,47.158653
2021-02-25,45.44836
2021-02-26,45.18463
2021-02-27,51.255234
2021-02-28,45.83875
2021-03-01,56.714165
2021-03-02,46.320446
2021-03-03,47.163853
2021-03-04,50.76408
2021-03-05,46.37371
2021-03-06,44.94035
2021-03-07,49.623825
2021-03-08,57.02641
2021-03-09,49.80886
2021-03-10,53.206226
2021-03-11,65.16497
2021-03-12,59.632538
2021-03-13,46.093708
2021-03-14,48.449783
2021-03-15,52.99198
2021-03-16,51.902412
2021-03-17,47.37283
2021-03-18,47.52842
2021-03-19,47.725533
2021-03-20,51.993725
2021-03-21,56.18994
2021-03-22,52.58589
2021-03-23,60.809242
2021-03-24,62.905746
2021-03-25,53.257004
2021-03-26,52.208035
2021-03-27,47.13022
2021-03-28,40.70216
2021-03-29,44.718384
2021-03-30,40.960426
2021-03-31,43.767887
2021-04-01,43.83374
2021-04-02,51.704247
2021-04-03,44.247566
2021-04-04,45.86371
2021-04-05,42.943077
2021-04-06,47.015385
2021-04-07,40.7134
2021-04-08,39.765026
2021-04-09,41.41658
2021-04-10,39.529285
2021-04-11,47.790913
2021-04-12,46.379093
2021-04-13,50.051727
2021-04-14,45.609993
2021-04-15,48.45923
2021-04-16,46.40605
2021-04-17,50.713776
2021-04-18,49.76752
2021-04-19,46.690025
2021-04-20,40.65134
2021-04-21,38.961884
2021-04-22,42.86159
2021-04-23,42.610783
2021-04-24,44.31817
2021-04-25,43.162098
2021-04-26,45.922558
2021-04-27,49.193237
2021-04-28,43.53124
2021-04-29,41.84801
2021-04-30,46.036964
2021-05-01,52.66104
2021-05-02,51.361935
2021-05-03,47.09195
2021-05-04,54.49422
2021-05-05,44.759315
2021-05-06,43.57425
2021-05-07,41.384666
2021-05-08,43.962036
2021-05-09,57.97512
2021-05-10,39.40928
2021-05-11,49.80247
2021-05-12,46.209904
2021-05-13,43.37031
2021-05-14,47.71413
2021-05-15,46.57255
2021-05-16,46.279694
2021-05-17,48.968987
2021-05-18,45.798813
2021-05-19,44.627037
2021-05-20,43.70769
2021-05-21,50.8834
2021-05-22,45.26191
2021-05-23,41.276516
2021-05-24,45.45599
2021-05-25,48.25172
2021-05-26,48.938553
2021-05-27,42.486996
2021-05-28,46.466434
2021-05-29,42.97197
2021-05-30,49.950535
2021-05-31,47.546425
2021-06-01,42.484776
2021-06-02,43.65966
2021-06-03,46.204826
2021-06-04,47.613876
2021-06-05,43.14434
2021-06-06,44.29738
2021-06-07,43.696404
2021-06-08,42.241215
2021-06-09,49.997017
2021-06-10,46.199608
2021-06-11,46.31643
2021-06-12,49.006367
2021-06-13,49.719982
2021-06-14,47.655327
2021-06-15,50.874905
2021-06-16,53.596745
2021-06-17,55.484566
2021-06-18,47.7099
2021-06-19,48.52439
2021-06-20,53.099957
2021-06-21,54.68586
2021-06-22,51.95518
2021-06-23,53.141624
2021-06-24,54.9134
2021-06-25,51.60733
2021-06-26,51.299877
2021-06-27,46.701004
2021-06-28,44.879368
2021-06-29,45.626087
2021-06-30,42.621403
2021-07-01,45.61644
2021-07-02,49.214733
2021-07-03,54.898697
2021-07-04,50.46213
2021-07-05,49.211716
2021-07-06,47.92106
2021-07-07,42.27679
2021-07-08,42.39309
2021-07-09,45.126003
2021-07-10,44.05954
2021-07-11,47.868423
2021-07-12,48.868484
2021-07-13,48.218166
2021-07-14,46.777855
2021-07-15,39.358833
2021-07-16,42.973778
2021-07-17,57.3572
2021-07-18,58.08507
2021-07-19,48.39061
2021-07-20,49.582253
2021-07-21,53.201393
2021-07-22,48.60603
2021-07-23,45.524643
2021-07-24,45.42104
2021-07-25,46.86391
2021-07-26,48.181786
2021-07-27,51.17921
2021-07-28,46.071526
2021-07-29,43.653133
2021-07-30,43.28534
2021-07-31,42.965904
2021-08-01,44.35329
2021-08-02,43.76606
2021-08-03,44.15525
2021-08-04,47.743828
2021-08-05,42.77985
2021-08-06,43.831524
2021-08-07,48.356045
2021-08-08,45.150375
2021-08-09,41.173626
2021-08-10,41.70793
2021-08-11,41.289722
2021-08-12,41.25901
2021-08-13,45.652836
2021-08-14,40.11044
2021-08-15,42.693077
2021-08-16,43.60554
2021-08-17,40.5958
2021-08-18,47.40612
2021-08-19,52.801098
2021-08-20,44.24118
2021-08-21,44.428867
2021-08-22,44.933777
2021-08-23,45.42477
2021-08-24,45.4673
2021-08-25,48.320755
2021-08-26,49.783104
2021-08-27,55.183983
2021-08-28,51.5293
2021-08-29,49.825718
2021-08-30,60.44424
2021-08-31,55.581196
2021-09-01,54.78068
2021-09-02,52.462708
2021-09-03,41.709156
2021-09-04,46.449787
2021-09-05,50.249214
2021-09-06,50.196766
2021-09-07,47.256954
2021-09-08,54.474068
2021-09-09,52.97739
2021-09-10,55.86879
2021-09-11,60.664845
2021-09-12,52.331715
2021-09-13,55.093105
2021-09-14,54.88097
2021-09-15,57.027508
2021-09-16,63.424458
2021-09-17,51.027943
2021-09-18,48.206116
2021-09-19,52.3524
2021-09-20,47.386047
2021-09-21,43.818043
2021-09-22,52.48224
2021-09-23,50.865044
2021-09-24,51.880146
2021-09-25,43.85655
2021-09-26,40.907967
2021-09-27,46.961136
2021-09-28,49.38102
2021-09-29,53.405186
2021-09-30,53.35801
2021-10-01,55.51549
2021-10-02,51.22898
2021-10-03,57.39026
2021-10-04,51.506542
2021-10-05,55.569786
2021-10-06,57.428192
2021-10-07,59.774895
2021-10-08,55.268833
2021-10-09,48.345627
2021-10-10,46.70547
2021-10-11,46.880375
2021-10-12,51.0544
2021-10-13,46.47941
2021-10-14,46.210674
2021-10-15,45.856033
2021-10-16,49.87478
2021-10-17,51.79575
2021-10-18,55.999176
2021-10-19,50.113167
2021-10-20,38.876125
2021-10-21,40.721455
2021-10-22,46.801163
2021-10-23,45.63644
2021-10-24,43.34893
2021-10-25,48.110935
2021-10-26,46.418316
2021-10-27,51.40077
2021-10-28,51.10219
2021-10-29,58.12062
2021-10-30,59.433292
2021-10-31,57.30904
2021-11-01,51.466053
2021-11-02,52.327137
2021-11-03,49.38357
2021-11-04,51.744175
2021-11-05,58.36813
2021-11-06,51.53893
2021-11-07,50.589695
2021-11-08,50.68455
2021-11-09,57.340015
2021-11-10,68.33641
2021-11-11,60.893364
2021-11-12,54.426563
2021-11-13,53.24643
2021-11-14,61.56294
2021-11-15,63.28654
2021-11-16,51.190773
2021-11-17,50.850986
2021-11-18,55.73921
2021-11-19,59.941307
2021-11-20,61.556988
2021-11-21,52.52994
2021-11-22,54.764664
2021-11-23,53.42784
2021-11-24,60.395
2021-11-25,76.61131
2021-11-26,62.052517
2021-11-27,48.675045
2021-11-28,62.605724
2021-11-29,47.92563
2021-11-30,68.61164
2021-12-01,57.46053
2021-12-02,46.860428
2021-12-03,51.79762
2021-12-04,56.737186
2021-12-05,54.854134
2021-12-06,53.34471
2021-12-07,59.118362
2021-12-08,49.742886
2021-12-09,57.774178
2021-12-10,48.002953
2021-12-11,53.98854
2021-12-12,59.1075
2021-12-13,63.217957
2021-12-14,79.60685
2021-12-15,64.51793
2021-12-16,56.10225
2021-12-17,59.2897
2021-12-18,53.202705
2021-12-19,66.19303
2021-12-20,55.507378
2021-12-21,71.30825
2021-12-22,47.934345
2021-12-23,70.9538
2021-12-24,54.788742
2021-12-25,60.962017
2021-12-26,58.378574
2021-12-27,72.32337
2021-12-28,83.67914
2021-12-29,70.83902
2021-12-30,74.43175
2021-12-31,70.868034
2022-01-01,74.63575
2022-01-02,57.192482
2022-01-03,39.07664
2022-01-04,67.00669
2022-01-05,57.936222
2022-01-06,51.841473
2022-01-07,57.881298
2022-01-08,53.70571
2022-01-09,60.49354
2022-01-10,66.904076
2022-01-11,56.517376
2022-01-12,57.45931
2022-01-13,68.95617
2022-01-14,42.39341
2022-01-15,47.384037
2022-01-16,36.950603
2022-01-17,44.6606
2022-01-18,51.031967
2022-01-19,76.169304
2022-01-20,54.559216
2022-01-21,47.91562
2022-01-22,47.600388
2022-01-23,57.41859
2022-01-24,55.676807
2022-01-25,53.049706
2022-01-26,51.098866
2022-01-27,57.479103
2022-01-28,46.258575
2022-01-29,47.79815
2022-01-30,46.54683
2022-01-31,43.82611
2022-02-01,42.91579
2022-02-02,34.74087
2022-02-03,42.060825
2022-02-04,44.774006
2022-02-05,40.657917
2022-02-06,44.9643
2022-02-07,43.415264
2022-02-08,42.33066
2022-02-09,46.936676
2022-02-10,58.554108
2022-02-11,42.397583
2022-02-12,49.5416
2022-02-13,41.820557
2022-02-14,50.709156
2022-02-15,47.643658
2022-02-16,47.370377
2022-02-17,43.561134
2022-02-18,38.39891
2022-02-19,36.53171
2022-02-20,41.261696
2022-02-21,46.894554
2022-02-22,40.832947
2022-02-23,44.01646
2022-02-24,39.81234
2022-02-25,43.680584
2022-02-26,48.195946
2022-02-27,43.909332
2022-02-28,46.707634
2022-03-01,48.61557
2022-03-02,51.56388
2022-03-03,60.4335
2022-03-04,56.422646
2022-03-05,40.738503
2022-03-06,38.536037
2022-03-07,39.602444
2022-03-08,50.865444
2022-03-09,68.96002
2022-03-10,59.731503
2022-03-11,56.73425
2022-03-12,49.547432
2022-03-13,52.34921
2022-03-14,58.449905
2022-03-15,47.89613
2022-03-16,41.7444
2022-03-17,46.957733
2022-03-18,51.819256
2022-03-19,51.173916
2022-03-20,56.69921
2022-03-21,53.015926
2022-03-22,41.763794
2022-03-23,42.484505
2022-03-24,44.479362
2022-03-25,42.058197
2022-03-26,42.23841
2022-03-27,39.312695
2022-03-28,36.681313
2022-03-29,45.041817
2022-03-30,45.17708
2022-03-31,42.20129
2022-04-01,39.137012
2022-04-02,38.09347
2022-04-03,36.297264
2022-04-04,42.97317
2022-04-05,45.678192
2022-04-06,46.158733
2022-04-07,47.697227
2022-04-08,57.71113
2022-04-09,51.469547
2022-04-10,42.471806
2022-04-11,41.85562
2022-04-12,49.38839
2022-04-13,47.501915
2022-04-14,40.968212
2022-04-15,43.942585
2022-04-16,41.816963
2022-04-17,41.26012
2022-04-18,40.704044
2022-04-19,45.381405
2022-04-20,51.60991
2022-04-21,48.766026
2022-04-22,45.382137
2022-04-23,47.726444
2022-04-24,44.03817
2022-04-25,41.515594
2022-04-26,43.644627
2022-04-27,48.79668
2022-04-28,53.130276
2022-04-29,60.691868
2022-04-30,57.202946
2022-05-01,53.846897
2022-05-02,48.98373
2022-05-03,46.103645
2022-05-04,50.250603
2022-05-05,56.817318
2022-05-06,52.88912
2022-05-07,61.48411
2022-05-08,50.184315
2022-05-09,45.723976
2022-05-10,45.98161
2022-05-11,46.212482
2022-05-12,42.410824
2022-05-13,45.96594
2022-05-14,51.67585
2022-05-15,46.988686
2022-05-16,45.11688
2022-05-17,43.47913
2022-05-18,52.025826
2022-05-19,51.96757
2022-05-20,37.51225
2022-05-21,40.172474
2022-05-22,41.13227
2022-05-23,43.25786
2022-05-24,47.1014
2022-05-25,39.483044
2022-05-26,43.691063
2022-05-27,45.56895
2022-05-28,51.16434
2022-05-29,49.115448
2022-05-30,48.314384
2022-05-31,48.618294
2022-06-01,51.313103
2022-06-02,46.04731
2022-06-03,43.790417
2022-06-04,46.045353
2022-06-05,46.581966
2022-06-06,44.26353
2022-06-07,51.01157
2022-06-08,46.887714
2022-06-09,48.48633
2022-06-10,44.835155
2022-06-11,41.124825
2022-06-12,44.009155
2022-06-13,45.860573
2022-06-14,47.579464
2022-06-15,46.406513
2022-06-16,51.28547
2022-06-17,52.725834
2022-06-18,50.39403
2022-06-19,50.23974
2022-06-20,51.883644
2022-06-21,57.6748
2022-06-22,45.022358
2022-06-23,47.994183
2022-06-24,45.3938
2022-06-25,43.74551
2022-06-26,46.477787
2022-06-27,44.36362
2022-06-28,47.24138
2022-06-29,48.8492
2022-06-30,46.868896
2022-07-01,49.480217
2022-07-02,47.761883
2022-07-03,46.910175
2022-07-04,44.185276
2022-07-05,45.060028
2022-07-06,44.987553
2022-07-07,47.247734
2022-07-08,50.1199
2022-07-09,51.306202
2022-07-10,54.15233
2022-07-11,56.52129
2022-07-12,51.325584
2022-07-13,51.34584
2022-07-14,46.864307
2022-07-15,47.19176
2022-07-16,50.881325
2022-07-17,51.474255
2022-07-18,48.201492
2022-07-19,50.827763
2022-07-20,48.754288
2022-07-21,49.26962
2022-07-22,51.17125
2022-07-23,49.758972
2022-07-24,42.129036
2022-07-25,46.228996
2022-07-26,45.04582
2022-07-27,44.749313
2022-07-28,48.522865
2022-07-29,48.99435
2022-07-30,50.631634
2022-07-31,52.875153
2022-08-01,52.948997
2022-08-02,47.70183
2022-08-03,47.392956
2022-08-04,48.410576
2022-08-05,48.901653
2022-08-06,47.181072
2022-08-07,46.593834
2022-08-08,48.33392
2022-08-09,47.934856
2022-08-10,50.84775
2022-08-11,50.274166
2022-08-12,51.849392
2022-08-13,54.460857
2022-08-14,54.56157
2022-08-15,54.823025
2022-08-16,51.421158
2022-08-17,50.547287
2022-08-18,52.739838
2022-08-19,47.11671
2022-08-20,45.04682
2022-08-21,45.169174
2022-08-22,48.095043
2022-08-23,50.03598
2022-08-24,50.368755
2022-08-25,52.514786
2022-08-26,53.40589
2022-08-27,56.46743
2022-08-28,57.065063
2022-08-29,59.430897
2022-08-30,56.138325
2022-08-31,54.62293
2022-09-01,54.50575
2022-09-02,57.68858
2022-09-03,55.298904
2022-09-04,52.57281
2022-09-05,47.092392
2022-09-06,47.061737
2022-09-07,48.42122
2022-09-08,54.080296
2022-09-09,52.445663
2022-09-10,50.29026
2022-09-11,51.14523
2022-09-12,52.899982
2022-09-13,52.08423
2022-09-14,50.9121
2022-09-15,46.893005
2022-09-16,40.45384
2022-09-17,41.112343
2022-09-18,46.89667
2022-09-19,53.489338
2022-09-20,49.01726
2022-09-21,49.62506
2022-09-22,52.577938
2022-09-23,52.304214
2022-09-24,55.26507
2022-09-25,52.320023
2022-09-26,50.536133
2022-09-27,50.41508
2022-09-28,53.801876
2022-09-29,54.07212
2022-09-30,50.961098
2022-10-01,52.650417
2022-10-02,51.67291
2022-10-03,53.01264
2022-10-04,53.653393
2022-10-05,44.46228
2022-10-06,51.900307
2022-10-07,46.115917
2022-10-08,53.556297
2022-10-09,60.93027
2022-10-10,50.860683
2022-10-11,49.380108
2022-10-12,47.778183
2022-10-13,58.8109
2022-10-14,52.719437
2022-10-15,51.81769
2022-10-16,56.755455
2022-10-17,56.783863
2022-10-18,50.842045
2022-10-19,51.45695
2022-10-20,57.28154
2022-10-21,54.032604
2022-10-22,61.081554
2022-10-23,51.409
2022-10-24,54.84317
2022-10-25,49.659378
2022-10-26,56.57317
2022-10-27,50.315037
2022-10-28,45.542046
2022-10-29,45.041485
2022-10-30,57.614616
2022-10-31,56.089108
2022-11-01,50.113888
2022-11-02,49.78615
2022-11-03,53.02058
2022-11-04,59.80267
2022-11-05,54.799942
2022-11-06,49.408535
2022-11-07,63.32068
2022-11-08,59.643974
2022-11-09,52.86465
2022-11-10,59.068424
2022-11-11,52.692997
2022-11-12,49.143543
2022-11-13,50.276035
2022-11-14,62.55005
2022-11-15,63.2691
2022-11-16,80.94846
2022-11-17,57.755657
2022-11-18,50.445496
2022-11-19,52.454865
2022-11-20,44.587543
2022-11-21,58.314392
2022-11-22,67.275246
2022-11-23,48.314373
2022-11-24,41.215996
2022-11-25,56.836697
2022-11-26,66.26211
2022-11-27,59.761013
2022-11-28,59.691658
2022-11-29,64.148026
2022-11-30,64.298515
2022-12-01,62.07732
2022-12-02,57.781406
2022-12-03,57.665787
2022-12-04,65.152695
2022-12-05,72.311226
2022-12-06,64.309814
2022-12-07,61.096035
2022-12-08,61.686028
2022-12-09,59.614414
2022-12-10,60.49647
2022-12-11,60.011196
2022-12-12,66.08437
2022-12-13,61.63823
2022-12-14,62.976315
2022-12-15,54.11162
2022-12-16,63.64243
2022-12-17,64.646126
2022-12-18,68.54948
2022-12-19,66.74548
2022-12-20,68.69619
2022-12-21,59.37835
2022-12-22,52.183002
2022-12-23,54.00788
2022-12-24,50.98001
2022-12-25,49.97116
2022-12-26,47.005188
2022-12-27,59.402626
2022-12-28,61.69641
2022-12-29,55.907288
2022-12-30,51.117367
2022-12-31,56.881004
2023-01-01,59.296577
2023-01-02,56.487473
2023-01-03,62.48599
2023-01-04,63.927612
2023-01-05,65.99265
2023-01-06,52.747826
2023-01-07,48.44531
2023-01-08,50.40516
2023-01-09,48.147785
2023-01-10,51.784355
2023-01-11,55.30963
2023-01-12,47.446964
2023-01-13,52.97993
2023-01-14,44.63238
2023-01-15,50.656082
2023-01-16,55.44138
2023-01-17,51.328365
2023-01-18,50.419178
2023-01-19,62.399746
2023-01-20,62.554733
2023-01-21,48.87876
2023-01-22,42.06146
2023-01-23,38.83125
2023-01-24,39.561234
2023-01-25,40.335716
2023-01-26,44.42032
2023-01-27,49.780968
2023-01-28,51.911907
2023-01-29,50.608685
2023-01-30,52.655254
2023-01-31,52.98456
2023-02-01,55.88496
2023-02-02,61.93768
2023-02-03,55.738064
2023-02-04,58.112926
2023-02-05,54.34883
2023-02-06,56.77639
2023-02-07,61.914978
2023-02-08,46.6244
2023-02-09,45.5438
2023-02-10,47.852417
2023-02-11,56.385715
2023-02-12,47.754547
2023-02-13,46.346294
2023-02-14,45.764782
2023-02-15,52.824528
2023-02-16,47.359848
2023-02-17,44.041355
2023-02-18,46.387928
2023-02-19,45.41453
2023-02-20,43.67703
2023-02-21,45.04999
2023-02-22,38.690228
2023-02-23,49.179703
2023-02-24,46.504005
2023-02-25,44.095272
2023-02-26,38.73584
2023-02-27,41.446297
2023-02-28,41.929222
2023-03-01,45.759216
2023-03-02,47.8292
2023-03-03,56.17285
2023-03-04,44.1729
2023-03-05,45.541103
2023-03-06,52.57084
2023-03-07,47.196983
2023-03-08,46.993748
2023-03-09,49.924747
2023-03-10,43.26195
2023-03-11,38.36498
2023-03-12,32.21319
2023-03-13,42.71548
2023-03-14,45.93643
2023-03-15,40.751957
2023-03-16,64.70338
2023-03-17,65.374016
2023-03-18,51.450104
2023-03-19,48.065308
2023-03-20,50.191334
2023-03-21,50.34797
2023-03-22,52.32153
2023-03-23,44.82875
2023-03-24,54.724903
2023-03-25,53.019974
2023-03-26,47.385235
2023-03-27,57.32518
2023-03-28,44.650818
2023-03-29,47.065407
2023-03-30,54.751034
2023-03-31,52.519714
2023-04-01,46.745235
2023-04-02,43.529648
2023-04-03,45.12319
2023-04-04,41.56678
2023-04-05,48.177837
2023-04-06,52.268795
2023-04-07,52.52644
2023-04-08,52.60495
2023-04-09,41.937466
2023-04-10,55.066975
2023-04-11,49.029453
2023-04-12,69.51071
2023-04-13,61.930847
2023-04-14,49.36107
2023-04-15,37.145832
2023-04-16,38.982502
2023-04-17,46.17878
2023-04-18,47.495018
2023-04-19,43.508556
2023-04-20,48.207405
2023-04-21,47.2963
2023-04-22,41.271763
2023-04-23,41.196846
2023-04-24,46.331703
2023-04-25,49.789658
2023-04-26,42.328785
2023-04-27,41.3029
2023-04-28,43.307777
2023-04-29,44.102436
2023-04-30,52.433777
2023-05-01,52.865036
2023-05-02,54.134476
2023-05-03,47.03622
2023-05-04,44.786396
2023-05-05,42.57247
2023-05-06,45.65442
2023-05-07,45.282444
2023-05-08,48.040516
2023-05-09,48.44577
2023-05-10,48.502842
2023-05-11,47.293884
2023-05-12,43.06441
2023-05-13,62.07313
2023-05-14,45.69448
2023-05-15,39.15443
2023-05-16,47.109695
2023-05-17,46.038876
2023-05-18,43.698093
2023-05-19,46.636692
2023-05-20,41.201557
2023-05-21,46.636723
2023-05-22,44.652878
2023-05-23,39.041042
2023-05-24,38.593685
2023-05-25,44.20935
2023-05-26,42.881584
2023-05-27,46.712914
2023-05-28,38.878162
2023-05-29,51.46363
2023-05-30,42.354046
2023-05-31,42.781483
2023-06-01,47.945015
2023-06-02,41.533012
2023-06-03,39.33897
2023-06-04,44.05545
2023-06-05,41.538048
2023-06-06,44.34701
2023-06-07,44.583775
2023-06-08,43.007336
2023-06-09,46.558456
2023-06-10,44.561802
2023-06-11,45.94704
2023-06-12,38.775333
2023-06-13,40.646904
2023-06-14,40.375477
2023-06-15,45.05699
2023-06-16,48.916893
2023-06-17,43.521877
2023-06-18,41.993584
2023-06-19,45.937332
2023-06-20,42.66128
2023-06-21,44.423374
2023-06-22,42.59909
2023-06-23,39.018635
2023-06-24,40.743797
2023-06-25,48.279102
2023-06-26,47.60425
2023-06-27,43.343075
2023-06-28,45.402153
2023-06-29,46.39955
2023-06-30,45.04066
2023-07-01,45.2369
2023-07-02,42.986862
2023-07-03,48.992687
2023-07-04,49.600636
2023-07-05,46.671295
2023-07-06,46.28396
2023-07-07,48.00188
2023-07-08,45.12588
2023-07-09,43.661438
2023-07-10,45.18446
2023-07-11,44.845253
2023-07-12,45.483143
2023-07-13,44.13245
2023-07-14,45.00675
2023-07-15,42.89952
2023-07-16,37.68828
2023-07-17,37.80437
2023-07-18,40.752335
2023-07-19,42.950356
2023-07-20,47.91904
2023-07-21,45.97259
2023-07-22,43.91942
2023-07-23,46.2412
2023-07-24,49.598347
2023-07-25,41.022976
2023-07-26,50.99263
2023-07-27,53.061913
2023-07-28,49.45022
2023-07-29,47.325756
2023-07-30,46.675114
2023-07-31,48.911182
2023-08-01,53.05023
2023-08-02,48.887707
2023-08-03,42.509552
2023-08-04,37.036106
2023-08-05,39.806034
2023-08-06,45.2799
2023-08-07,42.865993
2023-08-08,45.464867
2023-08-09,47.54079
2023-08-10,47.84374
2023-08-11,47.88348
2023-08-12,48.87742
2023-08-13,44.35211
2023-08-14,41.074154
2023-08-15,42.514324
2023-08-16,43.073456
2023-08-17,45.882862
2023-08-18,50.802807
2023-08-19,45.931942
2023-08-20,43.1757
2023-08-21,52.85197
2023-08-22,46.016712
2023-08-23,45.124153
2023-08-24,50.150177
2023-08-25,43.373363
2023-08-26,45.99074
2023-08-27,44.852665
2023-08-28,50.500427
2023-08-29,52.668434
2023-08-30,49.59168
2023-08-31,47.37382
2023-09-01,52.347134
2023-09-02,51.04451
2023-09-03,49.231277
2023-09-04,48.512962
2023-09-05,49.2178
2023-09-06,44.608837
2023-09-07,41.92047
2023-09-08,54.18605
2023-09-09,43.079727
2023-09-10,39.921494
2023-09-11,43.30209
2023-09-12,48.902756
2023-09-13,48.751255
2023-09-14,43.37491
2023-09-15,46.043934
2023-09-16,46.996067
2023-09-17,42.35381
2023-09-18,45.49603
2023-09-19,44.676167
2023-09-20,46.58222
2023-09-21,50.25498
2023-09-22,48.934723
2023-09-23,48.847546
2023-09-24,51.999786
2023-09-25,47.569336
2023-09-26,47.690163
2023-09-27,44.675858
2023-09-28,46.70964
2023-09-29,51.61285
2023-09-30,57.608013
2023-10-01,52.90042
2023-10-02,58.127983
2023-10-03,53.78211
2023-10-04,47.4367
2023-10-05,44.44299
2023-10-06,54.041542
2023-10-07,44.29937
2023-10-08,42.865032
2023-10-09,46.676224
2023-10-10,58.5737
2023-10-11,48.572906
2023-10-12,40.250835
2023-10-13,48.82629
2023-10-14,46.94131
2023-10-15,50.571934
2023-10-16,49.629047
2023-10-17,47.747818
2023-10-18,53.19534
2023-10-19,57.32646
2023-10-20,46.182335
2023-10-21,46.18323
2023-10-22,43.608654
2023-10-23,47.30676
2023-10-24,49.028843
2023-10-25,46.33471
2023-10-26,45.07747
2023-10-27,41.807228
2023-10-28,43.711323
2023-10-29,39.41478
2023-10-30,46.18382
2023-10-31,39.77413
2023-11-01,44.734528
2023-11-02,49.030495
2023-11-03,53.056763
2023-11-04,45.759968
2023-11-05,43.75466
2023-11-06,51.899876
2023-11-07,41.4654
2023-11-08,44.339813
2023-11-09,46.077557
2023-11-10,50.657963
2023-11-11,56.246437
2023-11-12,38.07726
2023-11-13,38.326084
2023-11-14,51.2738
2023-11-15,50.69856
2023-11-16,63.381798
2023-11-17,57.53643
2023-11-18,53.704556
2023-11-19,67.21218
2023-11-20,77.95142
2023-11-21,51.91942
2023-11-22,44.645332
2023-11-23,57.9289
2023-11-24,54.01612
2023-11-25,43.614716
2023-11-26,55.72642
2023-11-27,59.333294
2023-11-28,50.769093
2023-11-29,45.48215
2023-11-30,53.90002
2023-12-01,49.05714
2023-12-02,54.023182
2023-12-03,50.125584
2023-12-04,47.165703
2023-12-05,57.267227
2023-12-06,78.838806
2023-12-07,50.22375
2023-12-08,51.423233
2023-12-09,61.263382
2023-12-10,47.805656
2023-12-11,46.78463
2023-12-12,50.42679
2023-12-13,55.992172
2023-12-14,54.626907
2023-12-15,57.06735
2023-12-16,67.31461
2023-12-17,71.08184
2023-12-18,41.017616
2023-12-19,50.547527
2023-12-20,75.18987
2023-12-21,55.40874
2023-12-22,56.227497
2023-12-23,67.425095
2023-12-24,56.798477
2023-12-25,47.84039
2023-12-26,50.419453
2023-12-27,51.83578
2023-12-28,51.821205
2023-12-29,52.515766
2023-12-30,58.422546
2023-12-31,57.278095
2024-01-01,60.434067
2024-01-02,60.08413
2024-01-03,54.21741
2024-01-04,53.836853
2024-01-05,64.01076
2024-01-06,44.363537
2024-01-07,51.52932
2024-01-08,53.56933
2024-01-09,54.24172
2024-01-10,52.172245
2024-01-11,69.72531
2024-01-12,65.90273
2024-01-13,51.67433
2024-01-14,47.62582
2024-01-15,54.944363
2024-01-16,55.08265
2024-01-17,61.66099
2024-01-18,50.38116
2024-01-19,48.081272
2024-01-20,55.59435
2024-01-21,49.30759
2024-01-22,60.950974
2024-01-23,63.63133
2024-01-24,56.516594
2024-01-25,47.087402
2024-01-26,49.031036
2024-01-27,47.34513
2024-01-28,51.213566
2024-01-29,53.373867
2024-01-30,47.03486
2024-01-31,53.008533
2024-02-01,63.324276
2024-02-02,70.27857
2024-02-03,46.981262
2024-02-04,44.308296
2024-02-05,45.96007
2024-02-06,52.039104
2024-02-07,44.21687
2024-02-08,37.71184
2024-02-09,39.605507
2024-02-10,41.082565
2024-02-11,36.087643
2024-02-12,45.600735
2024-02-13,45.23807
2024-02-14,46.572433
2024-02-15,48.438
2024-02-16,46.058308
2024-02-17,52.109077
2024-02-18,47.061485
2024-02-19,44.393383
2024-02-20,44.41151
2024-02-21,57.161076
2024-02-22,52.869118
2024-02-23,57.276165
2024-02-24,46.74732
2024-02-25,40.22831
2024-02-26,37.278027
2024-02-27,37.008324
2024-02-28,42.255302
2024-02-29,61.269077
2024-03-01,59.765633
2024-03-02,62.893124
2024-03-03,52.1293
2024-03-04,44.474133
2024-03-05,45.66951
2024-03-06,50.59826
2024-03-07,57.246773
2024-03-08,45.472027
2024-03-09,53.496933
2024-03-10,49.12991
2024-03-11,45.241463
2024-03-12,44.106903
2024-03-13,43.068134
2024-03-14,67.335266
2024-03-15,52.93159
2024-03-16,54.79335
2024-03-17,47.67542
2024-03-18,55.537853
2024-03-19,75.942696
2024-03-20,61.84195
2024-03-21,51.760284
2024-03-22,53.557537
2024-03-23,48.951576
2024-03-24,41.227318
2024-03-25,45.47703
2024-03-26,52.00419
2024-03-27,41.406013
2024-03-28,41.900177
2024-03-29,44.057755
2024-03-30,44.03426
2024-03-31,44.49275
2024-04-01,46.02949
2024-04-02,43.40997
2024-04-03,51.223736
2024-04-04,50.417496
2024-04-05,52.536957
2024-04-06,50.318954
2024-04-07,45.138344
2024-04-08,43.294674
2024-04-09,52.283756
2024-04-10,57.442104
2024-04-11,45.16903
2024-04-12,44.303516
2024-04-13,46.84729
2024-04-14,57.74286
2024-04-15,47.57404
2024-04-16,47.13791
2024-04-17,40.832653
2024-04-18,44.89993
2024-04-19,46.153564
2024-04-20,40.25014
2024-04-21,44.343132
2024-04-22,45.584557
2024-04-23,39.36376
2024-04-24,41.626797
2024-04-25,40.45412
2024-04-26,46.78017
2024-04-27,39.357075
2024-04-28,39.78654
2024-04-29,42.196175
2024-04-30,45.352318
2024-05-01,49.792313
2024-05-02,61.40193
2024-05-03,64.40781
2024-05-04,63.219456
2024-05-05,51.759766
2024-05-06,52.367348
2024-05-07,50.288254
2024-05-08,44.829617
2024-05-09,45.005314
2024-05-10,43.511894
2024-05-11,43.605625
2024-05-12,56.54859
2024-05-13,51.765438
2024-05-14,50.704967
2024-05-15,49.699005
2024-05-16,49.7844
2024-05-17,36.86225
2024-05-18,43.0922
2024-05-19,40.442497
2024-05-20,39.751553
2024-05-21,39.935112
2024-05-22,42.784447
2024-05-23,43.99992
2024-05-24,46.613235
2024-05-25,43.29716
2024-05-26,55.392628
2024-05-27,50.166496
2024-05-28,41.941353
2024-05-29,42.916016
2024-05-30,41.438946
2024-05-31,40.87818
2024-06-01,49.718792
2024-06-02,40.744614
2024-06-03,37.298203
2024-06-04,39.00305
2024-06-05,42.186306
2024-06-06,43.273098
2024-06-07,47.87675
2024-06-08,48.029526
2024-06-09,45.701252
2024-06-10,49.63681
2024-06-11,51.812603
2024-06-12,39.72654
2024-06-13,40.424046
2024-06-14,36.747047
2024-06-15,43.34862
2024-06-16,50.25132
2024-06-17,43.191658
2024-06-18,44.978546
2024-06-19,44.417976
2024-06-20,47.754436
2024-06-21,41.34498
2024-06-22,39.200493
2024-06-23,41.618046
2024-06-24,41.327995
2024-06-25,42.1669
2024-06-26,44.328167
2024-06-27,41.311745
2024-06-28,41.442585
2024-06-29,40.689754
2024-06-30,44.816074
2024-07-01,40.97337
2024-07-02,40.224964
2024-07-03,49.98709
2024-07-04,50.392242
2024-07-05,48.787907
2024-07-06,41.69318
2024-07-07,39.141678
2024-07-08,40.29544
2024-07-09,45.068172
2024-07-10,43.666767
2024-07-11,46.570724
2024-07-12,47.707195
2024-07-13,45.57474
2024-07-14,43.98316
2024-07-15,43.5605
2024-07-16,48.362823
2024-07-17,49.37178
2024-07-18,49.4863
2024-07-19,47.399506
2024-07-20,49.06663
2024-07-21,44.131096
2024-07-22,45.439224
2024-07-23,47.539326
2024-07-24,44.184456
2024-07-25,45.57383
2024-07-26,48.943474
2024-07-27,48.40551
2024-07-28,41.66691
2024-07-29,41.545837
2024-07-30,47.64979
2024-07-31,46.366856
2024-08-01,44.46468
2024-08-02,45.663372
2024-08-03,48.254517
2024-08-04,47.170696
2024-08-05,51.580788
2024-08-06,48.363213
2024-08-07,47.528774
2024-08-08,47.08442
2024-08-09,46.26288
2024-08-10,47.8401
2024-08-11,44.72278
2024-08-12,42.71992
2024-08-13,48.911297
2024-08-14,44.689854
2024-08-15,39.689014
2024-08-16,40.396015
2024-08-17,40.227364
2024-08-18,50.952236
2024-08-19,47.910316
2024-08-20,44.95356
2024-08-21,50.042664
2024-08-22,51.55736
2024-08-23,45.804497
2024-08-24,47.782787
2024-08-25,47.47517
2024-08-26,47.076473
2024-08-27,56.545128
2024-08-28,53.051502
2024-08-29,49.943993
2024-08-30,55.95479
2024-08-31,51.406364
2024-09-01,51.579712
2024-09-02,52.448284
2024-09-03,54.05046
2024-09-04,48.064774
2024-09-05,48.63405
2024-09-06,51.372345
2024-09-07,52.40188
2024-09-08,47.799667
2024-09-09,48.97562
2024-09-10,45.783607
2024-09-11,51.936394
2024-09-12,52.886997
2024-09-13,50.832592
2024-09-14,46.99773
2024-09-15,46.134457
2024-09-16,52.95007
2024-09-17,56.450584
2024-09-18,41.289715
2024-09-19,46.339725
2024-09-20,62.52658
2024-09-21,54.624626
2024-09-22,57.812828
2024-09-23,52.57129
2024-09-24,53.99522
2024-09-25,55.64061
2024-09-26,50.26154
2024-09-27,50.16777
2024-09-28,45.12676
2024-09-29,51.071976
2024-09-30,50.495613
2024-10-01,57.918266
2024-10-02,53.797447
2024-10-03,47.266647
2024-10-04,46.68745
2024-10-05,51.443626
2024-10-06,48.641037
2024-10-07,50.846615
2024-10-08,48.539284
2024-10-09,43.023376
2024-10-10,48.887814
2024-10-11,57.17082
2024-10-12,46.88137
2024-10-13,63.22452
2024-10-14,50.11701
2024-10-15,47.827274
2024-10-16,52.95247
2024-10-17,63.682426
2024-10-18,47.76822
2024-10-19,49.666447
2024-10-20,49.987698
2024-10-21,55.527473
2024-10-22,50.513756
2024-10-23,43.383522
2024-10-24,45.63547
2024-10-25,49.496853
2024-10-26,44.3332
2024-10-27,43.060043
2024-10-28,54.74167
2024-10-29,51.605347
2024-10-30,55.23649
2024-10-31,54.353336
2024-11-01,51.80902
2024-11-02,48.085342
2024-11-03,49.57937
2024-11-04,54.146988
2024-11-05,43.2334
2024-11-06,44.081352
2024-11-07,39.339787
2024-11-08,56.907143
2024-11-09,57.689247
2024-11-10,45.840824
2024-11-11,51.135864
2024-11-12,44.020065
2024-11-13,48.588276
2024-11-14,47.914227
2024-11-15,52.907692
2024-11-16,63.21583
2024-11-17,51.890263
2024-11-18,54.114704
2024-11-19,61.130108
2024-11-20,70.83936
2024-11-21,55.456207
2024-11-22,43.56038
2024-11-23,45.30188
2024-11-24,52.900673
2024-11-25,57.946777
2024-11-26,65.98481
2024-11-27,64.76735
2024-11-28,58.92216
2024-11-29,42.970085
2024-11-30,56.16342
2024-12-01,61.274776
2024-12-02,58.287613
2024-12-03,56.043648
2024-12-04,47.99693
2024-12-05,51.307903
2024-12-06,60.42791
2024-12-07,50.85907
2024-12-08,59.35349
2024-12-09,52.76837
2024-12-10,56.28829
2024-12-11,65.83314
2024-12-12,65.213326
2024-12-13,53.452198
2024-12-14,38.21156
2024-12-15,52.14326
2024-12-16,76.25381
2024-12-17,46.698235
2024-12-18,50.06859
2024-12-19,50.746655
2024-12-20,58.357372
2024-12-21,72.66598
2024-12-22,65.229225
2024-12-23,56.66212
2024-12-24,63.409718
2024-12-25,55.735306
2024-12-26,63.29311
2024-12-27,60.83147
2024-12-28,65.59514
2024-12-29,50.7769
2024-12-30,59.459095
2024-12-31,57.21567
2025-01-01,51.53218
2025-01-02,58.810753
2025-01-03,49.841652
2025-01-04,45.74464
2025-01-05,45.744972
2025-01-06,52.06167
2025-01-07,57.51538
2025-01-08,58.616856
2025-01-09,72.826485
2025-01-10,73.47478
2025-01-11,55.660595
2025-01-12,52.53389
2025-01-13,55.46415
2025-01-14,62.988693
2025-01-15,55.428745
2025-01-16,52.432228
2025-01-17,43.271736
2025-01-18,38.148293
2025-01-19,53.467793
2025-01-20,43.49446
2025-01-21,49.492565
2025-01-22,60.050854
2025-01-23,57.98578
2025-01-24,52.688473
2025-01-25,45.27219
2025-01-26,54.353764
2025-01-27,50.19967
2025-01-28,61.19644
2025-01-29,56.633923
2025-01-30,64.32414
2025-01-31,61.375553
2025-02-01,54.369587
2025-02-02,50.130154
2025-02-03,45.08422
2025-02-04,45.19954
2025-02-05,52.63622
2025-02-06,51.041473
2025-02-07,48.596966
2025-02-08,55.141243
2025-02-09,41.798473
2025-02-10,51.69297
2025-02-11,45.027454
2025-02-12,49.60883
2025-02-13,54.43574
2025-02-14,53.13432
2025-02-15,43.332203
2025-02-16,42.595997
2025-02-17,40.921555
2025-02-18,43.248432
2025-02-19,56.79788
2025-02-20,53.037632
2025-02-21,49.77132
2025-02-22,48.83999
2025-02-23,43.83536
2025-02-24,37.459614
2025-02-25,43.520573
2025-02-26,48.1737
2025-02-27,43.294968
2025-02-28,41.005672
2025-03-01,40.232872
2025-03-02,46.35373
2025-03-03,51.75224
2025-03-04,55.34886
2025-03-05,41.88454
2025-03-06,39.376755
2025-03-07,42.546436
2025-03-08,38.616974
2025-03-09,36.56124
2025-03-10,43.29811
2025-03-11,45.94085
2025-03-12,42.688343
2025-03-13,44.11695
2025-03-14,41.567352
2025-03-15,40.281853
2025-03-16,45.167187
2025-03-17,39.461273
2025-03-18,41.390797
2025-03-19,54.93022
2025-03-20,50.440014
2025-03-21,48.98425
2025-03-22,47.1909
2025-03-23,47.279224
2025-03-24,40.525284
2025-03-25,44.130013
2025-03-26,43.287483
2025-03-27,48.000923
2025-03-28,47.300343
2025-03-29,45.364258
2025-03-30,50.391426
2025-03-31,54.679325
2025-04-01,45.35535
2025-04-02,52.090244
2025-04-03,48.83765
2025-04-04,47.653297
2025-04-05,51.873947
2025-04-06,46.115433
2025-04-07,46.507984
2025-04-08,49.06933
2025-04-09,58.320084
2025-04-10,52.127884
2025-04-11,47.912754
2025-04-12,45.920185
2025-04-13,57.015793
2025-04-14,48.19547
2025-04-15,57.589848
2025-04-16,48.83554
2025-04-17,42.662174
2025-04-18,45.97169
2025-04-19,45.20535
2025-04-20,54.9531
2025-04-21,51.18242
2025-04-22,55.819427
2025-04-23,48.558037
2025-04-24,49.245213
2025-04-25,47.007793
2025-04-26,56.088623
2025-04-27,50.7464
2025-04-28,46.92855
2025-04-29,50.927174
2025-04-30,55.29068
2025-05-01,54.658207
2025-05-02,61.601334
2025-05-03,48.640198
2025-05-04,46.994274
2025-05-05,59.51996
2025-05-06,52.723366
2025-05-07,53.838474
2025-05-08,48.18218
2025-05-09,51.43243
2025-05-10,47.488667
2025-05-11,49.6721
2025-05-12,50.469154
2025-05-13,53.619286
2025-05-14,58.980545
2025-05-15,59.92097
2025-05-16,57.141853
2025-05-17,49.374535
2025-05-18,43.344036
2025-05-19,46.20664
2025-05-20,43.56636
2025-05-21,46.22493
2025-05-22,42.04576
2025-05-23,47.01656
2025-05-24,45.233604
2025-05-25,42.126057
2025-05-26,41.491978
2025-05-27,46.93391
2025-05-28,49.74127
2025-05-29,44.569588
2025-05-30,43.910442
2025-05-31,44.55549
2025-06-01,44.655483
2025-06-02,45.867645
2025-06-03,41.777298
2025-06-04,48.260715
2025-06-05,42.514694
2025-06-06,38.675407
2025-06-07,38.56574
2025-06-08,40.233307
2025-06-09,43.613117
2025-06-10,43.38179
2025-06-11,43.277958
2025-06-12,50.646168
2025-06-13,46.761112
2025-06-14,45.690517
2025-06-15,40.54396
2025-06-16,39.75126
2025-06-17,39.218807
2025-06-18,39.81694
2025-06-19,39.061535
2025-06-20,45.53807
2025-06-21,48.18509
2025-06-22,47.82737
2025-06-23,48.361
2025-06-24,48.38988
2025-06-25,46.312286
2025-06-26,48.377785
2025-06-27,47.902966
2025-06-28,47.983784
2025-06-29,49.091194
2025-06-30,47.007217
2025-07-01,48.399895
2025-07-02,48.283222
2025-07-03,47.813053
2025-07-04,49.954865
2025-07-05,47.38871
2025-07-06,44.323586
2025-07-07,47.514515
2025-07-08,46.67207
2025-07-09,45.641857
2025-07-10,49.416634
2025-07-11,51.509907
2025-07-12,51.246704
2025-07-13,49.323643
2025-07-14,49.79273
2025-07-15,50.850666
2025-07-16,49.090008
2025-07-17,47.91416
2025-07-18,46.898865
2025-07-19,46.7804
2025-07-20,50.345554
2025-07-21,52.541172
2025-07-22,53.390785
2025-07-23,52.824627
2025-07-24,54.469364
2025-07-25,51.766853
2025-07-26,49.737106
2025-07-27,51.310833
2025-07-28,54.28421
2025-07-29,53.66177
2025-07-30,53.8348
2025-07-31,54.972866
2025-08-01,53.588253
2025-08-02,57.718346
2025-08-03,53.801437
2025-08-04,52.800606
2025-08-05,53.72588
2025-08-06,51.01343
2025-08-07,51.85662
2025-08-08,53.370083
2025-08-09,48.210835
2025-08-10,43.67333
2025-08-11,44.423798
2025-08-12,44.22266
2025-08-13,44.049145
2025-08-14,46.28885
2025-08-15,45.920406
2025-08-16,44.793007
2025-08-17,55.700768
2025-08-18,57.81217
2025-08-19,56.640842
2025-08-20,57.90795
2025-08-21,55.817924
2025-08-22,58.98378
2025-08-23,62.495594
2025-08-24,61.740406
2025-08-25,54.169247
2025-08-26,57.837944
2025-08-27,56.916294
2025-08-28,56.196186
2025-08-29,55.674973
2025-08-30,55.111504
2025-08-31,56.86718
