date,no2_mean,no2_pixel_count
2019-01-01,,0.0
2019-01-02,7.219205883783154e-05,18.0
2019-01-03,,0.0
2019-01-04,,0.0
2019-01-05,,3.0
2019-01-06,,7.0
2019-01-07,6.324419300266908e-05,18.0
2019-01-08,,6.0
2019-01-09,,0.0
2019-01-10,9.160846105444097e-05,40.0
2019-01-11,0.00023672976723131041,39.0
2019-01-12,0.00015972423440757362,11.0
2019-01-13,,0.0
2019-01-14,,4.0
2019-01-15,,0.0
2019-01-16,3.3095057838743595e-05,29.0
2019-01-17,,0.0
2019-01-18,0.0001274949552380969,46.0
2019-01-19,,0.0
2019-01-20,,4.0
2019-01-21,,0.0
2019-01-22,,0.0
2019-01-23,9.111754543969501e-05,24.0
2019-01-24,,0.0
2019-01-25,,0.0
2019-01-26,,0.0
2019-01-27,,0.0
2019-01-28,,0.0
2019-01-29,6.556580780523201e-05,12.0
2019-01-30,,0.0
2019-02-01,,8.0
2019-02-02,,0.0
2019-02-03,7.109626048514924e-05,48.0
2019-02-04,,0.0
2019-02-05,,0.0
2019-02-06,,5.0
2019-02-07,,0.0
2019-02-08,,0.0
2019-02-09,,0.0
2019-02-10,,0.0
2019-02-11,,0.0
2019-02-12,,5.0
2019-02-13,9.996345734103564e-05,10.0
2019-02-14,,4.0
2019-02-15,,5.0
2019-02-16,7.814992504074004e-05,11.0
2019-02-17,,0.0
2019-02-18,3.5426470338276934e-05,14.0
2019-02-19,3.331485728706285e-05,29.0
2019-02-20,,2.0
2019-02-21,,0.0
2019-02-22,,0.0
2019-02-23,,0.0
2019-02-24,0.0,16.0
2019-02-25,4.385998134936969e-05,21.0
2019-02-26,,0.0
2019-02-27,,1.0
2019-03-01,0.0,10.0
2019-03-02,,0.0
2019-03-03,,0.0
2019-03-04,,4.0
2019-03-05,,7.0
2019-03-06,5.163347650302595e-05,34.0
2019-03-07,,0.0
2019-03-08,,9.0
2019-03-09,4.374298249684032e-05,19.0
2019-03-10,,0.0
2019-03-11,7.422382132997462e-05,18.0
2019-03-12,,8.0
2019-03-13,,0.0
2019-03-14,,0.0
2019-03-15,,0.0
2019-03-16,,0.0
2019-03-17,,0.0
2019-03-18,,0.0
2019-03-19,,0.0
2019-03-20,,0.0
2019-03-21,,7.0
2019-03-22,3.548543685654356e-05,20.0
2019-03-23,,1.0
2019-03-24,,0.0
2019-03-25,,0.0
2019-03-26,5.544828572347476e-05,12.0
2019-03-27,,2.0
2019-03-28,,0.0
2019-03-29,,0.0
2019-03-30,,0.0
2019-04-01,,0.0
2019-04-02,,0.0
2019-04-03,,0.0
2019-04-04,1.9229499023281575e-05,23.0
2019-04-05,4.0936200985156465e-05,45.0
2019-04-06,,0.0
2019-04-07,2.3043782758458097e-05,17.0
2019-04-08,3.399384421493691e-05,20.0
2019-04-09,,8.0
2019-04-10,,0.0
2019-04-11,2.3580797098837098e-05,14.0
2019-04-12,5.086841718519413e-05,43.0
2019-04-13,5.095844789787622e-05,21.0
2019-04-14,,0.0
2019-04-15,,0.0
2019-04-16,,0.0
2019-04-17,,6.0
2019-04-18,4.407714633398124e-05,41.0
2019-04-19,,0.0
2019-04-20,,0.0
2019-04-21,1.6951025494237158e-05,10.0
2019-04-22,,0.0
2019-04-23,,0.0
2019-04-24,2.9926347574185346e-05,30.0
2019-04-25,4.550029988019486e-05,32.0
2019-04-26,5.391876922970243e-05,37.0
2019-04-27,5.0740897396478375e-05,38.0
2019-04-28,2.8560250058125096e-05,13.0
2019-04-29,,0.0
2019-05-01,4.0335881565381064e-05,40.0
2019-05-02,,0.0
2019-05-03,2.806380152071369e-05,28.0
2019-05-04,,0.0
2019-05-05,2.7862786555302175e-05,36.0
2019-05-06,3.927588288617631e-05,40.0
2019-05-07,,0.0
2019-05-08,5.773863880131915e-05,40.0
2019-05-09,,0.0
2019-05-10,5.042633459734018e-05,28.0
2019-05-11,3.247433995654009e-05,32.0
2019-05-12,3.3832390444970996e-05,13.0
2019-05-13,5.451995645426958e-05,40.0
2019-05-14,5.702253497526493e-05,40.0
2019-05-15,4.5580296251454026e-05,80.0
2019-05-16,4.350992647706039e-05,80.0
2019-05-17,5.276034649468451e-05,40.0
2019-05-18,4.699079965106224e-05,40.0
2019-05-19,4.8015260977506357e-05,40.0
2019-05-20,,2.0
2019-05-21,,0.0
2019-05-22,2.835222411262798e-05,27.0
2019-05-23,,0.0
2019-05-24,4.321569334021304e-05,40.0
2019-05-25,4.5187892426878435e-05,13.0
2019-05-26,3.1042556387866774e-05,79.0
2019-05-27,4.650859459285587e-05,40.0
2019-05-28,3.903160628031605e-05,40.0
2019-05-29,7.739248644033679e-05,40.0
2019-05-30,6.800812560863167e-05,40.0
2019-06-01,3.863622736024133e-05,80.0
2019-06-02,3.766762915269057e-05,40.0
2019-06-03,,8.0
2019-06-04,4.7139061378947224e-05,40.0
2019-06-05,3.23717469828819e-05,44.0
2019-06-06,2.9966472879790837e-05,80.0
2019-06-07,,0.0
2019-06-08,,0.0
2019-06-09,5.419567318284012e-05,40.0
2019-06-10,,0.0
2019-06-11,,0.0
2019-06-12,4.032597538871731e-05,40.0
2019-06-13,6.175913859656572e-05,40.0
2019-06-14,4.495736943885081e-05,40.0
2019-06-15,5.0705716476605173e-05,40.0
2019-06-16,3.3471271888516874e-05,80.0
2019-06-17,3.725985515892544e-05,40.0
2019-06-18,4.988230549833618e-05,40.0
2019-06-19,4.2636972740255413e-05,26.0
2019-06-20,5.62743003715812e-05,31.0
2019-06-21,3.98330763680941e-05,61.0
2019-06-22,4.86383487823418e-05,80.0
2019-06-23,4.612382701287221e-05,40.0
2019-06-24,5.3330443047619655e-05,40.0
2019-06-25,6.090945451877286e-05,40.0
2019-06-26,6.717965412043805e-05,40.0
2019-06-27,4.715866968795767e-05,69.0
2019-06-28,5.602757439374455e-05,40.0
2019-06-29,3.8255033545304066e-05,24.0
2019-07-01,5.004597045288941e-05,40.0
2019-07-02,4.018133508453552e-05,80.0
2019-07-03,5.580105183225713e-05,80.0
2019-07-04,5.403792467214168e-05,40.0
2019-07-05,5.218474512540418e-05,40.0
2019-07-06,4.4433549408517676e-05,40.0
2019-07-07,3.791776855007071e-05,80.0
2019-07-08,3.26401273938874e-05,80.0
2019-07-09,3.858653618252675e-05,36.0
2019-07-10,4.2469723025948957e-05,40.0
2019-07-11,3.21878013506059e-05,40.0
2019-07-12,5.0670063966373974e-05,40.0
2019-07-13,4.8229938538708056e-05,80.0
2019-07-14,3.700406859234836e-05,40.0
2019-07-15,,0.0
2019-07-16,5.9379917479154616e-05,40.0
2019-07-17,4.897195190748245e-05,40.0
2019-07-18,4.594622026525539e-05,80.0
2019-07-19,4.4694051483144295e-05,80.0
2019-07-20,5.591604178382995e-05,40.0
2019-07-21,4.7019990137596335e-05,38.0
2019-07-22,6.002475340756112e-05,40.0
2019-07-23,4.7883533194468865e-05,53.0
2019-07-24,3.79194035425135e-05,80.0
2019-07-25,4.565997762873145e-05,40.0
2019-07-26,4.7796545386023386e-05,40.0
2019-07-27,3.759369901655416e-05,40.0
2019-07-28,2.449459326955923e-05,40.0
2019-07-29,3.292432889671925e-05,80.0
2019-07-30,4.235283413940964e-05,40.0
2019-08-01,3.6267190960678765e-05,40.0
2019-08-02,4.7782115038114455e-05,40.0
2019-08-03,3.420284459947977e-05,80.0
2019-08-04,3.228031308400552e-05,80.0
2019-08-05,4.277208273345444e-05,40.0
2019-08-06,5.8032893106578224e-05,40.0
2019-08-07,5.763715933654179e-05,40.0
2019-08-08,4.128883298526379e-05,80.0
2019-08-09,5.3624438730996974e-05,80.0
2019-08-10,4.959861733911272e-05,40.0
2019-08-11,4.645100155158209e-05,40.0
2019-08-12,6.579585696343597e-05,40.0
2019-08-13,4.968370940299719e-05,40.0
2019-08-14,4.655076283546422e-05,80.0
2019-08-15,4.4447230926819736e-05,40.0
2019-08-16,4.67343763804927e-05,40.0
2019-08-17,4.865577128684297e-05,40.0
2019-08-18,5.566539811748497e-05,40.0
2019-08-19,5.091058878301186e-05,80.0
2019-08-20,5.0181966138057346e-05,46.0
2019-08-21,6.712705362700894e-05,40.0
2019-08-22,5.7463797029029813e-05,40.0
2019-08-23,4.963878663327313e-05,40.0
2019-08-24,3.345921680652353e-05,80.0
2019-08-25,3.055826248082214e-05,80.0
2019-08-26,3.28415561185788e-05,40.0
2019-08-27,5.984654439415624e-05,40.0
2019-08-28,5.5250643427372324e-05,40.0
2019-08-29,4.004460726608625e-05,40.0
2019-08-30,2.579934258064132e-05,65.0
2019-09-01,4.4806866309270255e-05,45.0
2019-09-02,6.305893687801262e-05,45.0
2019-09-03,4.974398920472045e-05,45.0
2019-09-04,4.562678671575006e-05,90.0
2019-09-05,5.3463885229051526e-05,90.0
2019-09-06,4.9979977693701996e-05,45.0
2019-09-07,4.623254685696853e-05,45.0
2019-09-08,,5.0
2019-09-09,,0.0
2019-09-10,,0.0
2019-09-11,,0.0
2019-09-12,6.250097345840252e-05,42.0
2019-09-13,6.225069065464451e-05,45.0
2019-09-14,4.622704402438502e-05,45.0
2019-09-15,2.4051933190239744e-05,42.0
2019-09-16,4.002986334825397e-05,45.0
2019-09-17,2.9755202641814162e-05,45.0
2019-09-18,3.707311869032073e-05,45.0
2019-09-19,5.462497981296559e-05,45.0
2019-09-20,4.3201999835868275e-05,90.0
2019-09-21,3.6685969842806066e-05,90.0
2019-09-22,3.9837661729863835e-05,45.0
2019-09-23,4.6687216285058306e-05,45.0
2019-09-24,5.031543457449722e-05,45.0
2019-09-25,3.780506933131021e-05,90.0
2019-09-26,2.9917795066890903e-05,67.0
2019-09-27,3.525841575295768e-05,45.0
2019-09-28,,0.0
2019-09-29,3.9266955631974974e-05,45.0
2019-10-01,3.756682177860552e-05,90.0
2019-10-02,3.800403932939397e-05,45.0
2019-10-03,5.5075317755155986e-05,44.0
2019-10-04,6.174060612163089e-05,45.0
2019-10-05,3.8461936211290644e-05,45.0
2019-10-06,2.7291766280793047e-05,90.0
2019-10-07,1.6332734665942687e-05,28.0
2019-10-08,5.455808216627931e-05,19.0
2019-10-09,4.2481869490161425e-05,33.0
2019-10-10,5.472384801223592e-05,45.0
2019-10-11,3.406582870736814e-05,85.0
2019-10-12,,6.0
2019-10-13,4.07059128437256e-05,45.0
2019-10-14,6.6792082293908e-05,45.0
2019-10-15,6.43261636730835e-05,45.0
2019-10-16,7.001319036094892e-05,45.0
2019-10-17,7.659117948247486e-05,80.0
2019-10-18,,0.0
2019-10-19,6.250896206727049e-05,40.0
2019-10-20,4.668567453085267e-05,36.0
2019-10-21,,0.0
2019-10-22,4.4699350939627476e-05,18.0
2019-10-23,3.66699469624933e-05,40.0
2019-10-24,4.7125170509351674e-05,40.0
2019-10-25,4.6974419963693535e-05,40.0
2019-10-26,4.934088289341653e-05,40.0
2019-10-27,3.87477408014019e-05,70.0
2019-10-28,3.776610193760329e-05,80.0
2019-10-29,4.02038431386266e-05,40.0
2019-10-30,3.719010802771283e-05,40.0
2019-11-01,4.6161263471013535e-05,20.0
2019-11-02,3.434887024405108e-05,10.0
2019-11-03,4.845747497727051e-05,40.0
2019-11-04,8.999230948544511e-05,40.0
2019-11-05,0.00015452299984005676,40.0
2019-11-06,8.49242293159742e-05,40.0
2019-11-07,0.00011524779606850261,80.0
2019-11-08,0.00012644700967940912,80.0
2019-11-09,0.00010611807960478464,40.0
2019-11-10,9.095975043599062e-05,40.0
2019-11-11,8.196291034425642e-05,40.0
2019-11-12,8.752370680170056e-05,60.0
2019-11-13,,7.0
2019-11-14,8.26870370340456e-05,40.0
2019-11-15,0.00011711901358875804,40.0
2019-11-16,6.878351329605782e-05,40.0
2019-11-17,5.205789823990962e-05,40.0
2019-11-18,5.227590623265645e-05,80.0
2019-11-19,7.125483411869437e-05,40.0
2019-11-20,0.00010277446092117138,40.0
2019-11-21,8.086801544178835e-05,40.0
2019-11-22,8.049566147727222e-05,40.0
2019-11-23,4.2810021815750756e-05,47.0
2019-11-24,6.806121646489375e-05,40.0
2019-11-25,8.377609177616529e-05,10.0
2019-11-26,0.00014149504307062202,40.0
2019-11-27,,0.0
2019-11-28,,0.0
2019-11-29,,5.0
2019-12-01,,0.0
2019-12-02,,0.0
2019-12-03,,0.0
2019-12-04,,0.0
2019-12-05,,0.0
2019-12-06,,0.0
2019-12-07,,0.0
2019-12-08,,0.0
2019-12-09,,6.0
2019-12-10,,0.0
2019-12-11,,1.0
2019-12-12,,0.0
2019-12-13,,0.0
2019-12-14,,0.0
2019-12-15,,0.0
2019-12-16,0.0001276216960764113,36.0
2019-12-17,9.23089307949757e-05,40.0
2019-12-18,0.00011539870902232754,34.0
2019-12-19,0.00018534883343944078,39.0
2019-12-20,0.0001432785340759227,75.0
2019-12-21,0.0002119970103674141,40.0
2019-12-22,,0.0
2019-12-23,0.00018171016386453673,40.0
2019-12-24,0.0001247999969212969,40.0
2019-12-25,,0.0
2019-12-26,,0.0
2019-12-27,,0.0
2019-12-28,6.417152581462615e-05,20.0
2019-12-29,6.133724317885517e-05,40.0
2019-12-30,0.00010490503065125558,44.0
2020-01-01,5.262234608194535e-05,40.0
2020-01-02,,0.0
2020-01-03,,0.0
2020-01-04,,0.0
2020-01-05,,0.0
2020-01-06,,0.0
2020-01-07,,7.0
2020-01-08,9.84044333352476e-05,26.0
2020-01-09,,0.0
2020-01-10,,0.0
2020-01-11,6.433212601266166e-05,58.0
2020-01-12,,0.0
2020-01-13,,3.0
2020-01-14,0.0001038717077403321,27.0
2020-01-15,0.00021171524785280242,15.0
2020-01-16,,0.0
2020-01-17,,0.0
2020-01-18,,1.0
2020-01-19,,0.0
2020-01-20,,0.0
2020-01-21,,9.0
2020-01-22,,7.0
2020-01-23,3.956942236297385e-05,14.0
2020-01-24,,0.0
2020-01-25,5.872543301248202e-05,12.0
2020-01-26,,9.0
2020-01-27,,9.0
2020-01-28,0.0003518373477519685,10.0
2020-01-29,,0.0
2020-01-30,,1.0
2020-02-01,,0.0
2020-02-02,4.164762075755578e-05,18.0
2020-02-03,,6.0
2020-02-04,,0.0
2020-02-05,,0.0
2020-02-06,2.4268346370112363e-05,12.0
2020-02-07,,0.0
2020-02-08,,0.0
2020-02-09,,5.0
2020-02-10,,0.0
2020-02-11,,8.0
2020-02-12,,0.0
2020-02-13,,0.0
2020-02-14,,7.0
2020-02-15,,0.0
2020-02-16,,0.0
2020-02-17,,0.0
2020-02-18,,0.0
2020-02-19,,0.0
2020-02-20,,0.0
2020-02-21,,0.0
2020-02-22,,0.0
2020-02-23,,0.0
2020-02-24,,0.0
2020-02-25,,0.0
2020-02-26,9.644085978245323e-05,10.0
2020-02-27,0.0,10.0
2020-02-28,,3.0
2020-03-01,,0.0
2020-03-02,,0.0
2020-03-03,,9.0
2020-03-04,7.106526574040909e-05,86.0
2020-03-05,0.00010214517955284361,45.0
2020-03-06,,0.0
2020-03-07,,0.0
2020-03-08,9.931610176487953e-05,22.0
2020-03-09,2.4472679243775916e-05,21.0
2020-03-10,,7.0
2020-03-11,,0.0
2020-03-12,4.948152365469687e-05,43.0
2020-03-13,,0.0
2020-03-14,,0.0
2020-03-15,3.5694356040771736e-05,43.0
2020-03-16,,0.0
2020-03-17,,0.0
2020-03-18,,0.0
2020-03-19,,0.0
2020-03-20,2.5628177683010045e-05,13.0
2020-03-21,2.265248874988088e-05,16.0
2020-03-22,,0.0
2020-03-23,6.091986149444302e-05,45.0
2020-03-24,2.7531261006838356e-05,34.0
2020-03-25,3.094740208889541e-05,10.0
2020-03-26,2.918887728621319e-05,21.0
2020-03-27,1.575884504990334e-05,14.0
2020-03-28,2.403427494149131e-05,38.0
2020-03-29,,0.0
2020-03-30,1.9722513345481658e-05,11.0
2020-04-01,,0.0
2020-04-02,2.0539282192476205e-05,34.0
2020-04-03,2.0896220047993327e-05,10.0
2020-04-04,,0.0
2020-04-05,3.7123398014239524e-05,66.0
2020-04-06,,0.0
2020-04-07,,0.0
2020-04-08,3.645861846328551e-05,44.0
2020-04-09,,9.0
2020-04-10,,0.0
2020-04-11,3.0627574243087316e-05,19.0
2020-04-12,3.136673131934646e-05,45.0
2020-04-13,4.28797809312699e-05,36.0
2020-04-14,4.084543994752312e-05,40.0
2020-04-15,3.490764815753703e-05,76.0
2020-04-16,,8.0
2020-04-17,4.375025975626666e-05,40.0
2020-04-18,4.378711286083642e-05,40.0
2020-04-19,2.9326109985320232e-05,40.0
2020-04-20,3.726991573717531e-05,36.0
2020-04-21,,0.0
2020-04-22,,0.0
2020-04-23,,0.0
2020-04-24,,0.0
2020-04-25,,0.0
2020-04-26,,8.0
2020-04-27,3.746380465883577e-05,40.0
2020-04-28,,0.0
2020-04-29,3.536525127384981e-05,40.0
2020-05-01,3.1293504906072606e-05,40.0
2020-05-02,,6.0
2020-05-03,2.5401136211640972e-05,40.0
2020-05-04,2.278651364703044e-05,34.0
2020-05-05,,0.0
2020-05-06,,0.0
2020-05-07,,6.0
2020-05-08,,0.0
2020-05-09,,0.0
2020-05-10,,0.0
2020-05-11,2.8579530017106584e-05,40.0
2020-05-12,3.852815588873881e-05,79.0
2020-05-13,,0.0
2020-05-14,4.079247267575696e-05,40.0
2020-05-15,5.1440352223730815e-05,40.0
2020-05-16,4.432452436708142e-05,40.0
2020-05-17,3.071804568795114e-05,80.0
2020-05-18,2.8377678684555173e-05,61.0
2020-05-19,4.16526942184751e-05,40.0
2020-05-20,3.746347574682443e-05,40.0
2020-05-21,4.0159113082806946e-05,40.0
2020-05-22,2.6341026041462278e-05,44.0
2020-05-23,,0.0
2020-05-24,,0.0
2020-05-25,,8.0
2020-05-26,4.26281144128708e-05,40.0
2020-05-27,5.659199813357989e-05,38.0
2020-05-28,3.189858803465445e-05,80.0
2020-05-29,,0.0
2020-05-30,2.9600156009581418e-05,40.0
2020-06-01,3.246341322577666e-05,40.0
2020-06-02,2.3419735570740854e-05,14.0
2020-06-03,1.828964333909847e-05,13.0
2020-06-04,2.859071809315478e-05,40.0
2020-06-05,1.9684726306782715e-05,28.0
2020-06-06,3.398263316071461e-05,40.0
2020-06-07,2.9058843545964713e-05,50.0
2020-06-08,4.970976482126491e-05,80.0
2020-06-09,4.93908606388171e-05,40.0
2020-06-10,3.378166556403087e-05,40.0
2020-06-11,,0.0
2020-06-12,4.3465604383527564e-05,40.0
2020-06-13,2.7623102596099757e-05,80.0
2020-06-14,2.657513083710869e-05,40.0
2020-06-15,,0.0
2020-06-16,3.9453745184636304e-05,40.0
2020-06-17,3.546626033403199e-05,37.0
2020-06-18,3.4167381635170135e-05,38.0
2020-06-19,3.132492050529013e-05,40.0
2020-06-20,2.96888489003825e-05,36.0
2020-06-21,3.0195422091658044e-05,40.0
2020-06-22,,0.0
2020-06-23,3.408016692198629e-05,56.0
2020-06-24,3.9237304420193674e-05,80.0
2020-06-25,4.350958929162502e-05,40.0
2020-06-26,3.847799498409462e-05,37.0
2020-06-27,,5.0
2020-06-28,3.6397689139708776e-05,20.0
2020-06-29,4.799672509744362e-05,80.0
2020-07-01,,9.0
2020-07-02,6.24474432297469e-05,40.0
2020-07-03,7.207707028197061e-05,40.0
2020-07-04,3.569441518687822e-05,74.0
2020-07-05,3.1128541686033753e-05,80.0
2020-07-06,5.4334642091449615e-05,40.0
2020-07-07,7.452189139641018e-05,40.0
2020-07-08,4.2781612780128264e-05,39.0
2020-07-09,3.885756182299694e-05,61.0
2020-07-10,4.0009462119103423e-05,60.0
2020-07-11,3.398555935313286e-05,25.0
2020-07-12,4.348224526842073e-05,40.0
2020-07-13,3.3852600270990534e-05,13.0
2020-07-14,5.1930992719028365e-05,40.0
2020-07-15,3.752990623509932e-05,80.0
2020-07-16,5.925415225289307e-05,40.0
2020-07-17,4.652962414721452e-05,27.0
2020-07-18,,0.0
2020-07-19,,0.0
2020-07-20,4.6490576229816064e-05,80.0
2020-07-21,4.441787984658329e-05,61.0
2020-07-22,,0.0
2020-07-23,3.224379523921596e-05,22.0
2020-07-24,6.798879072210131e-05,40.0
2020-07-25,4.8216023091302295e-05,70.0
2020-07-26,3.4769168943085784e-05,80.0
2020-07-27,3.583554485455441e-05,40.0
2020-07-28,3.085668154519069e-05,40.0
2020-07-29,4.48330647231144e-05,40.0
2020-07-30,5.471845131668372e-05,40.0
2020-08-01,3.6400726915945166e-05,40.0
2020-08-02,3.82564255729245e-05,40.0
2020-08-03,5.0324732725445085e-05,40.0
2020-08-04,6.036349255645699e-05,40.0
2020-08-05,4.4250892079161326e-05,79.0
2020-08-06,4.13954240098696e-05,78.0
2020-08-07,5.307307635387737e-05,37.0
2020-08-08,4.1584762836316325e-05,40.0
2020-08-09,3.943301558171146e-05,40.0
2020-08-10,5.424071246696905e-05,79.0
2020-08-11,5.124865328111077e-05,80.0
2020-08-12,5.383779939377552e-05,40.0
2020-08-13,4.6502773461729875e-05,40.0
2020-08-14,4.36199405514307e-05,13.0
2020-08-15,3.511210557076276e-05,23.0
2020-08-16,3.2103482512960143e-05,40.0
2020-08-17,,0.0
2020-08-18,7.764374340733058e-05,40.0
2020-08-19,5.4825407464066676e-05,40.0
2020-08-20,4.868716066143335e-05,40.0
2020-08-21,4.220300385639613e-05,80.0
2020-08-22,3.9417233388819744e-05,22.0
2020-08-23,,0.0
2020-08-24,5.9181712147474314e-05,40.0
2020-08-25,5.978645568250846e-05,40.0
2020-08-26,5.313985970793048e-05,45.0
2020-08-27,4.337705893575504e-05,80.0
2020-08-28,3.8321358499163205e-05,40.0
2020-08-29,4.340118152569793e-05,45.0
2020-08-30,4.279623540098544e-05,45.0
2020-09-01,5.086555224778055e-05,90.0
2020-09-02,4.3652373294345875e-05,45.0
2020-09-03,,0.0
2020-09-04,6.893473405641785e-05,45.0
2020-09-05,5.010812117682797e-05,45.0
2020-09-06,2.8392639697044202e-05,90.0
2020-09-07,3.220433773157401e-05,90.0
2020-09-08,3.500270861163901e-05,45.0
2020-09-09,4.4778241834077703e-05,45.0
2020-09-10,4.943282705596784e-05,45.0
2020-09-11,4.115169809478991e-05,90.0
2020-09-12,4.064600718509598e-05,90.0
2020-09-13,3.2481032546185354e-05,45.0
2020-09-14,4.505157123092235e-05,40.0
2020-09-15,3.936334818670425e-05,45.0
2020-09-16,4.439968659219042e-05,45.0
2020-09-17,3.993877442069019e-05,90.0
2020-09-18,2.883117860726956e-05,45.0
2020-09-19,3.461347630003025e-05,45.0
2020-09-20,2.750752032652496e-05,45.0
2020-09-21,3.1597139621782156e-05,10.0
2020-09-22,4.1886924145707285e-05,45.0
2020-09-23,4.1814566738044864e-05,79.0
2020-09-24,4.814128562160962e-05,45.0
2020-09-25,2.4874821410900984e-05,31.0
2020-09-26,4.2927370038347394e-05,45.0
2020-09-27,2.8447563621277705e-05,90.0
2020-09-28,4.181916077992111e-05,82.0
2020-09-29,4.2849592945632273e-05,45.0
2020-10-01,5.052143466410575e-05,45.0
2020-10-02,,0.0
2020-10-03,3.6101244301841695e-05,90.0
2020-10-04,2.973596378080758e-05,45.0
2020-10-05,,0.0
2020-10-06,,8.0
2020-10-07,5.992815623521742e-05,40.0
2020-10-08,3.946358160886957e-05,67.0
2020-10-09,4.533959874728808e-05,90.0
2020-10-10,5.566319702176728e-05,45.0
2020-10-11,4.334675138391561e-05,45.0
2020-10-12,6.613681905811485e-05,45.0
2020-10-13,5.547857505371486e-05,85.0
2020-10-14,6.117964105893206e-05,90.0
2020-10-15,4.894084661945708e-05,45.0
2020-10-16,4.566235197043673e-05,40.0
2020-10-17,5.90410933591893e-05,40.0
2020-10-18,4.3117773361022574e-05,40.0
2020-10-19,4.927332962733031e-05,80.0
2020-10-20,,0.0
2020-10-21,5.0486589970832324e-05,40.0
2020-10-22,4.362564284214774e-05,40.0
2020-10-23,6.130345666165632e-05,40.0
2020-10-24,5.528082724099738e-05,80.0
2020-10-25,4.1057483484474905e-05,17.0
2020-10-26,6.253261027753591e-05,40.0
2020-10-27,4.1458994321192516e-05,40.0
2020-10-28,7.579829453907852e-05,36.0
2020-10-29,6.738640307560613e-05,71.0
2020-10-30,4.754179106070339e-05,80.0
2020-11-01,5.835391301468578e-05,39.0
2020-11-02,,0.0
2020-11-03,4.2886375152860405e-05,40.0
2020-11-04,4.355272875088152e-05,20.0
2020-11-05,,0.0
2020-11-06,,0.0
2020-11-07,5.1200297340690384e-05,40.0
2020-11-08,4.818194286132264e-05,40.0
2020-11-09,5.501330692974244e-05,80.0
2020-11-10,5.761020460835077e-05,80.0
2020-11-11,6.836808464167001e-05,40.0
2020-11-12,4.4624517480529495e-05,40.0
2020-11-13,5.3664617717073164e-05,40.0
2020-11-14,6.703498188584539e-05,64.0
2020-11-15,5.8406025411041336e-05,40.0
2020-11-16,,0.0
2020-11-17,5.7006258914812315e-05,40.0
2020-11-18,6.87229422609564e-05,40.0
2020-11-19,,2.0
2020-11-20,,0.0
2020-11-21,,0.0
2020-11-22,6.040713774275023e-05,40.0
2020-11-23,7.681687021658566e-05,40.0
2020-11-24,0.00010756340517330562,40.0
2020-11-25,0.0,12.0
2020-11-26,9.231875197501991e-05,20.0
2020-11-27,0.00010212083588137637,40.0
2020-11-28,9.485439297223654e-05,40.0
2020-11-29,,0.0
2020-12-01,,0.0
2020-12-02,,4.0
2020-12-03,,0.0
2020-12-04,,0.0
2020-12-05,,0.0
2020-12-06,,0.0
2020-12-07,,0.0
2020-12-08,,4.0
2020-12-09,,0.0
2020-12-10,,0.0
2020-12-11,,0.0
2020-12-12,,4.0
2020-12-13,8.183664617198523e-05,33.0
2020-12-14,,0.0
2020-12-15,,0.0
2020-12-16,,0.0
2020-12-17,,0.0
2020-12-18,0.00010013435836564003,40.0
2020-12-19,0.00013483742004210685,37.0
2020-12-20,,0.0
2020-12-21,0.00014874614611656565,23.0
2020-12-22,,0.0
2020-12-23,,0.0
2020-12-24,,0.0
2020-12-25,,0.0
2020-12-26,,0.0
2020-12-27,,0.0
2020-12-28,,5.0
2020-12-29,,0.0
2020-12-30,,0.0
2021-01-01,,0.0
2021-01-02,,0.0
2021-01-03,,0.0
2021-01-04,,0.0
2021-01-05,,0.0
2021-01-06,,0.0
2021-01-07,,0.0
2021-01-08,,0.0
2021-01-09,,0.0
2021-01-10,,0.0
2021-01-11,,0.0
2021-01-12,,0.0
2021-01-13,,0.0
2021-01-14,,0.0
2021-01-15,,0.0
2021-01-16,,0.0
2021-01-17,,0.0
2021-01-18,,0.0
2021-01-19,,0.0
2021-01-20,,0.0
2021-01-21,,0.0
2021-01-22,,0.0
2021-01-23,,0.0
2021-01-24,,2.0
2021-01-25,,2.0
2021-01-26,,0.0
2021-01-27,,1.0
2021-01-28,,0.0
2021-01-29,,0.0
2021-01-30,,0.0
2021-02-01,,0.0
2021-02-02,,0.0
2021-02-03,,0.0
2021-02-04,,1.0
2021-02-05,,0.0
2021-02-06,,0.0
2021-02-07,,0.0
2021-02-08,,9.0
2021-02-09,,0.0
2021-02-10,,0.0
2021-02-11,,0.0
2021-02-12,,0.0
2021-02-13,,0.0
2021-02-14,,0.0
2021-02-15,,3.0
2021-02-16,,0.0
2021-02-17,,0.0
2021-02-18,,0.0
2021-02-19,,0.0
2021-02-20,,0.0
2021-02-21,,0.0
2021-02-22,8.11082843754222e-05,26.0
2021-02-23,9.345500399062419e-05,33.0
2021-02-24,,1.0
2021-02-25,,2.0
2021-02-26,,0.0
2021-02-27,8.345202886807911e-05,39.0
2021-03-01,,0.0
2021-03-02,,0.0
2021-03-03,,6.0
2021-03-04,,0.0
2021-03-05,,0.0
2021-03-06,8.115348847835426e-05,47.0
2021-03-07,,0.0
2021-03-08,,0.0
2021-03-09,5.8512962417476386e-05,42.0
2021-03-10,5.8944144052740836e-05,30.0
2021-03-11,,0.0
2021-03-12,,0.0
2021-03-13,5.6210532605879375e-05,34.0
2021-03-14,,0.0
2021-03-15,,0.0
2021-03-16,,7.0
2021-03-17,4.612376961102759e-05,69.0
2021-03-18,2.9470095057632258e-05,45.0
2021-03-19,,6.0
2021-03-20,,0.0
2021-03-21,,0.0
2021-03-22,,0.0
2021-03-23,,0.0
2021-03-24,3.0167921129325475e-05,18.0
2021-03-25,2.388607282343684e-05,27.0
2021-03-26,,0.0
2021-03-27,,0.0
2021-03-28,0.0,11.0
2021-03-29,,0.0
2021-03-30,,6.0
2021-04-01,9.040093155761444e-05,40.0
2021-04-02,2.20564788820289e-05,45.0
2021-04-03,,0.0
2021-04-04,,4.0
2021-04-05,,0.0
2021-04-06,2.5563306447366342e-05,32.0
2021-04-07,3.8922632671441736e-05,58.0
2021-04-08,3.6396044524311804e-05,76.0
2021-04-09,,6.0
2021-04-10,3.72990602416518e-05,30.0
2021-04-11,,0.0
2021-04-12,2.9029739070343353e-05,45.0
2021-04-13,2.731066127194226e-05,28.0
2021-04-14,3.2950403179959926e-05,31.0
2021-04-15,6.0513064951785786e-05,40.0
2021-04-16,4.265076073885589e-05,37.0
2021-04-17,,7.0
2021-04-18,3.647498265090709e-05,40.0
2021-04-19,3.576298607356453e-05,36.0
2021-04-20,,0.0
2021-04-21,4.036933940081212e-05,40.0
2021-04-22,4.228471722336411e-05,30.0
2021-04-23,3.769971880008207e-05,55.0
2021-04-24,4.241920620933962e-05,66.0
2021-04-25,2.4031620450972315e-05,40.0
2021-04-26,,0.0
2021-04-27,,0.0
2021-04-28,3.0414542420947138e-05,40.0
2021-04-29,2.1743317302808338e-05,20.0
2021-05-01,3.2022577121460565e-05,12.0
2021-05-02,3.031204132674893e-05,29.0
2021-05-03,5.132726939744747e-05,40.0
2021-05-04,2.5173819821799685e-05,47.0
2021-05-05,,0.0
2021-05-06,3.997485957738606e-05,40.0
2021-05-07,,0.0
2021-05-08,4.1382983739604775e-05,40.0
2021-05-09,2.4526457150853883e-05,52.0
2021-05-10,3.986493146858532e-05,74.0
2021-05-11,3.9431922574465136e-05,40.0
2021-05-12,5.38579491769161e-05,40.0
2021-05-13,4.476524197038767e-05,40.0
2021-05-14,5.247139925217141e-05,40.0
2021-05-15,4.509906829777916e-05,80.0
2021-05-16,3.5150972538470736e-05,40.0
2021-05-17,,0.0
2021-05-18,3.8086348898803966e-05,37.0
2021-05-19,6.37524282901685e-05,40.0
2021-05-20,5.04953708962051e-05,80.0
2021-05-21,4.782185283327906e-05,80.0
2021-05-22,,0.0
2021-05-23,2.451071823037122e-05,40.0
2021-05-24,6.513390378664458e-05,40.0
2021-05-25,4.2721525109067895e-05,16.0
2021-05-26,4.746269986682808e-05,80.0
2021-05-27,5.4489381359455225e-05,40.0
2021-05-28,4.97346401872868e-05,36.0
2021-05-29,4.8580598041834024e-05,37.0
2021-05-30,3.354410606344567e-05,40.0
2021-06-01,2.943681518751284e-05,40.0
2021-06-02,3.467683861479525e-05,40.0
2021-06-03,5.2514958329459644e-05,40.0
2021-06-04,6.554517312071691e-05,40.0
2021-06-05,3.1271619882490674e-05,71.0
2021-06-06,3.1307611936803195e-05,80.0
2021-06-07,4.559567415572029e-05,40.0
2021-06-08,6.214299260246725e-05,40.0
2021-06-09,4.5766265818083726e-05,40.0
2021-06-10,5.6745686690162394e-05,56.0
2021-06-11,3.8918947158200736e-05,80.0
2021-06-12,4.9923419433927114e-05,40.0
2021-06-13,4.17261636133513e-05,23.0
2021-06-14,5.946253537941714e-05,40.0
2021-06-15,5.009368526340484e-05,40.0
2021-06-16,3.792875482750577e-05,80.0
2021-06-17,6.79768859591059e-05,40.0
2021-06-18,6.291357284828141e-05,40.0
2021-06-19,6.86523984026784e-05,40.0
2021-06-20,4.6446841063552593e-05,40.0
2021-06-21,5.811796938801177e-05,80.0
2021-06-22,5.5050802148920844e-05,80.0
2021-06-23,5.3144629170677e-05,40.0
2021-06-24,4.824946982969718e-05,40.0
2021-06-25,6.115080909108137e-05,40.0
2021-06-26,4.9816007883030985e-05,25.0
2021-06-27,3.5234568638847775e-05,70.0
2021-06-28,,1.0
2021-06-29,4.090409029828504e-05,35.0
2021-07-01,5.4983649448928466e-05,40.0
2021-07-02,4.812286935335957e-05,48.0
2021-07-03,5.256004877782502e-05,40.0
2021-07-04,4.4425090899396106e-05,40.0
2021-07-05,5.128205888620261e-05,40.0
2021-07-06,4.990668719074285e-05,40.0
2021-07-07,3.483690483651535e-05,37.0
2021-07-08,4.361583084943106e-05,80.0
2021-07-09,4.6448338188084314e-05,29.0
2021-07-10,6.537226099650853e-05,40.0
2021-07-11,5.1278138627707125e-05,40.0
2021-07-12,4.304762630995304e-05,80.0
2021-07-13,4.339120251153265e-05,73.0
2021-07-14,6.063190690950967e-05,40.0
2021-07-15,,0.0
2021-07-16,6.19342035912056e-05,40.0
2021-07-17,4.693663674527952e-05,40.0
2021-07-18,3.854824075558428e-05,80.0
2021-07-19,6.952575497251422e-05,40.0
2021-07-20,5.5829327270227706e-05,40.0
2021-07-21,5.3558167909116615e-05,40.0
2021-07-22,5.4433709735253294e-05,40.0
2021-07-23,,0.0
2021-07-24,4.624467752468999e-05,80.0
2021-07-25,4.522504697508325e-05,40.0
2021-07-26,6.356121341550669e-05,40.0
2021-07-27,5.8324136511203755e-05,40.0
2021-07-28,4.058521968853462e-05,80.0
2021-07-29,3.9943397292796453e-05,60.0
2021-07-30,4.885262587078205e-05,40.0
2021-08-01,5.58895392117041e-05,40.0
2021-08-02,4.5951588500460475e-05,35.0
2021-08-03,4.9912046482440014e-05,80.0
2021-08-04,4.941584013533821e-05,40.0
2021-08-05,5.58845922763714e-05,40.0
2021-08-06,5.420723442093734e-05,40.0
2021-08-07,3.666616651983028e-05,30.0
2021-08-08,3.290197112965022e-05,40.0
2021-08-09,3.7930560778081385e-05,80.0
2021-08-10,4.656335534965513e-05,40.0
2021-08-11,4.1311649317513634e-05,40.0
2021-08-12,4.0693242620106383e-05,40.0
2021-08-13,4.363877724355743e-05,80.0
2021-08-14,4.4689499658892974e-05,80.0
2021-08-15,4.2593947360809826e-05,40.0
2021-08-16,6.778156288962684e-05,40.0
2021-08-17,7.931610732372202e-05,37.0
2021-08-18,6.179656451886895e-05,40.0
2021-08-19,5.2284605634922e-05,80.0
2021-08-20,4.6340461763721044e-05,40.0
2021-08-21,6.221835866718058e-05,40.0
2021-08-22,3.067047964570039e-05,33.0
2021-08-23,4.1559290693144665e-05,40.0
2021-08-24,3.790318183945557e-05,69.0
2021-08-25,4.196628627305027e-05,80.0
2021-08-26,4.240532071324072e-05,40.0
2021-08-27,4.684550024582654e-05,40.0
2021-08-28,5.5516330577980586e-05,40.0
2021-08-29,3.4158776065175164e-05,80.0
2021-08-30,3.76627158336633e-05,90.0
2021-09-01,3.7589792729560545e-05,45.0
2021-09-02,4.138272621996416e-05,45.0
2021-09-03,2.6492703931114208e-05,39.0
2021-09-04,2.7678324211793187e-05,90.0
2021-09-05,2.4056291097339994e-05,45.0
2021-09-06,5.1799007418849155e-05,45.0
2021-09-07,5.300035630883118e-05,45.0
2021-09-08,6.0398975031581746e-05,45.0
2021-09-09,4.955165662490478e-05,90.0
2021-09-10,4.174749995035893e-05,90.0
2021-09-11,5.055178707233414e-05,45.0
2021-09-12,5.889025775758458e-05,45.0
2021-09-13,6.507772604818357e-05,45.0
2021-09-14,4.2318808679661785e-05,90.0
2021-09-15,4.9943928048212713e-05,90.0
2021-09-16,4.7779733619684225e-05,45.0
2021-09-17,4.290192786585199e-05,45.0
2021-09-18,4.0407623894245865e-05,45.0
2021-09-19,3.2076185655576134e-05,45.0
2021-09-20,3.616100115708457e-05,88.0
2021-09-21,3.0091032767308446e-05,45.0
2021-09-22,6.349098764523692e-05,31.0
2021-09-23,2.0936202282618e-05,22.0
2021-09-24,,3.0
2021-09-25,4.733914144175758e-05,90.0
2021-09-26,3.330747465787384e-05,90.0
2021-09-27,7.819412324251146e-05,45.0
2021-09-28,7.007419086502834e-05,45.0
2021-09-29,4.8900198655921854e-05,45.0
2021-10-01,5.266685486715489e-05,42.0
2021-10-02,0.0001043305802651323,45.0
2021-10-03,5.7746812015995127e-05,43.0
2021-10-04,5.266110917083567e-05,45.0
2021-10-05,,0.0
2021-10-06,3.10660046070559e-05,45.0
2021-10-07,6.461849713070674e-05,41.0
2021-10-08,9.097649777359572e-05,45.0
2021-10-09,5.8296306152764604e-05,45.0
2021-10-10,7.91788050842299e-05,45.0
2021-10-11,6.688100833554906e-05,90.0
2021-10-12,8.74038687189678e-05,90.0
2021-10-13,5.2064847192980254e-05,45.0
2021-10-14,6.749561668020938e-05,45.0
2021-10-15,5.140464308830111e-05,27.0
2021-10-16,4.6737089002769405e-05,80.0
2021-10-17,3.468133813341533e-05,80.0
2021-10-18,2.9722615111500358e-05,30.0
2021-10-19,4.174515926190043e-05,40.0
2021-10-20,2.5187312948612758e-05,30.0
2021-10-21,4.833998732466019e-05,40.0
2021-10-22,6.820652041402432e-05,80.0
2021-10-23,5.9579052365495566e-05,40.0
2021-10-24,4.972754567137748e-05,40.0
2021-10-25,,0.0
2021-10-26,4.711302472939202e-05,40.0
2021-10-27,6.645335541100078e-05,80.0
2021-10-28,6.118648303767572e-05,80.0
2021-10-29,,0.0
2021-10-30,8.24344735683758e-05,32.0
2021-11-01,5.95203720353188e-05,28.0
2021-11-02,0.00014144342877281922,11.0
2021-11-03,3.056041011458054e-05,22.0
2021-11-04,5.2075373851447546e-05,40.0
2021-11-05,5.171657131794762e-05,40.0
2021-11-06,5.911037222909846e-05,39.0
2021-11-07,0.00011397969918589964,80.0
2021-11-08,8.087932298751387e-05,40.0
2021-11-09,7.811620909336839e-05,40.0
2021-11-10,0.00012575866683430838,12.0
2021-11-11,,0.0
2021-11-12,,2.0
2021-11-13,0.00017558331511048828,78.0
2021-11-14,0.00013491746942836347,40.0
2021-11-15,0.0002823195107808985,40.0
2021-11-16,0.00014183897378690352,40.0
2021-11-17,9.57208543448703e-05,80.0
2021-11-18,0.00016143964542825504,80.0
2021-11-19,9.802000669552784e-05,14.0
2021-11-20,,3.0
2021-11-21,6.52165914066068e-05,40.0
2021-11-22,9.821201348053636e-05,40.0
2021-11-23,9.617095905282303e-05,80.0
2021-11-24,,3.0
2021-11-25,,0.0
2021-11-26,,0.0
2021-11-27,,4.0
2021-11-28,,0.0
2021-11-29,,4.0
2021-12-01,6.361898298415847e-05,29.0
2021-12-02,6.1015821428623496e-05,40.0
2021-12-03,0.00010517902146293948,80.0
2021-12-04,0.00013325088342866606,85.0
2021-12-05,0.0001951800905812156,27.0
2021-12-06,0.00011947306332882551,40.0
2021-12-07,0.00022931584435850982,40.0
2021-12-08,0.00026093787201597146,40.0
2021-12-09,5.7481193443054083e-05,13.0
2021-12-10,0.00010031057240761944,40.0
2021-12-11,0.00015111562480247235,40.0
2021-12-12,0.00015361934796654975,35.0
2021-12-13,0.00018960399874570235,40.0
2021-12-14,0.0002066206441644063,57.0
2021-12-15,0.0002560206768326057,40.0
2021-12-16,0.000297591128027843,40.0
2021-12-17,,0.0
2021-12-18,,0.0
2021-12-19,,0.0
2021-12-20,2.8046231431767358e-05,34.0
2021-12-21,,0.0
2021-12-22,4.9127727666356104e-05,22.0
2021-12-23,,0.0
2021-12-24,0.00015838931596220295,23.0
2021-12-25,0.00013093761679971495,52.0
2021-12-26,0.0002973679433153034,33.0
2021-12-27,0.00018934622115812002,32.0
2021-12-28,0.00032183343326643385,31.0
2021-12-29,0.00034336939638282305,24.0
2021-12-30,0.0003211938313060067,28.0
2022-01-01,,0.0
2022-01-02,,0.0
2022-01-03,,0.0
2022-01-04,,0.0
2022-01-05,0.0002198331242345632,25.0
2022-01-06,0.00034101067596631915,32.0
2022-01-07,0.0002613330271870365,33.0
2022-01-08,0.0001554055379503244,32.0
2022-01-09,,0.0
2022-01-10,,0.0
2022-01-11,,0.0
2022-01-12,,0.0
2022-01-13,,0.0
2022-01-14,9.429158514689308e-05,21.0
2022-01-15,,0.0
2022-01-16,,4.0
2022-01-17,0.00022045068136879636,31.0
2022-01-18,,0.0
2022-01-19,,0.0
2022-01-20,,0.0
2022-01-21,0.0,11.0
2022-01-22,0.00023537226319821948,19.0
2022-01-23,0.0001755098908294136,19.0
2022-01-24,,0.0
2022-01-25,,0.0
2022-01-26,0.00010005125192099839,20.0
2022-01-27,,0.0
2022-01-28,0.00012586816797087455,16.0
2022-01-29,9.019485153430564e-05,29.0
2022-01-30,,0.0
2022-02-01,5.7546354475668586e-05,40.0
2022-02-02,9.929830028312783e-05,32.0
2022-02-03,,8.0
2022-02-04,,0.0
2022-02-05,,9.0
2022-02-06,8.310936838016793e-05,50.0
2022-02-07,8.493567234302412e-05,34.0
2022-02-08,0.00015795195234637727,10.0
2022-02-09,0.0002113459649666848,26.0
2022-02-10,,0.0
2022-02-11,,0.0
2022-02-12,0.00012835710094974,31.0
2022-02-13,0.0002512120816333772,36.0
2022-02-14,,0.0
2022-02-15,,0.0
2022-02-16,,0.0
2022-02-17,5.423652188764574e-05,36.0
2022-02-18,,0.0
2022-02-19,0.00010244910506960075,40.0
2022-02-20,0.00017441423247884047,38.0
2022-02-21,8.791468686012113e-05,10.0
2022-02-22,8.317492820983125e-05,66.0
2022-02-23,4.913263612179621e-05,38.0
2022-02-24,7.205484565713477e-05,40.0
2022-02-25,,0.0
2022-02-26,,1.0
2022-02-27,4.3287221198335975e-05,54.0
2022-03-01,,0.0
2022-03-02,,0.0
2022-03-03,,0.0
2022-03-04,,0.0
2022-03-05,4.755215215762691e-05,52.0
2022-03-06,3.435876809840812e-05,32.0
2022-03-07,8.34474920747261e-05,45.0
2022-03-08,,0.0
2022-03-09,,0.0
2022-03-10,,6.0
2022-03-11,,1.0
2022-03-12,,4.0
2022-03-13,7.142739685131336e-05,26.0
2022-03-14,,0.0
2022-03-15,,0.0
2022-03-16,6.12002514092542e-05,24.0
2022-03-17,,0.0
2022-03-18,,0.0
2022-03-19,,1.0
2022-03-20,,0.0
2022-03-21,,0.0
2022-03-22,,8.0
2022-03-23,,0.0
2022-03-24,,6.0
2022-03-25,,6.0
2022-03-26,2.8953429202086393e-05,35.0
2022-03-27,4.875289396683846e-05,17.0
2022-03-28,,3.0
2022-03-29,7.744387987669057e-05,36.0
2022-03-30,7.033491915193998e-05,45.0
2022-04-01,9.162837796651214e-05,42.0
2022-04-02,7.222262796442696e-05,45.0
2022-04-03,5.969083536158613e-05,45.0
2022-04-04,5.0675436315026804e-05,45.0
2022-04-05,,0.0
2022-04-06,,0.0
2022-04-07,4.92121773666169e-05,22.0
2022-04-08,,0.0
2022-04-09,7.601137721635276e-05,17.0
2022-04-10,4.304580186690954e-05,45.0
2022-04-11,4.56509478175605e-05,87.0
2022-04-12,3.268386073947776e-05,45.0
2022-04-13,,0.0
2022-04-14,6.867097948479174e-05,35.0
2022-04-15,6.700902425706669e-05,40.0
2022-04-16,8.326681767515079e-05,80.0
2022-04-17,5.8597317167900296e-05,40.0
2022-04-18,5.4149606821096396e-05,40.0
2022-04-19,,0.0
2022-04-20,,0.0
2022-04-21,5.419452474214186e-05,80.0
2022-04-22,5.0115139050533034e-05,68.0
2022-04-23,6.447655113975262e-05,38.0
2022-04-24,5.8562169562929865e-05,40.0
2022-04-25,6.44278512558256e-05,36.0
2022-04-26,5.43576268483177e-05,27.0
2022-04-27,5.3359904379030616e-05,76.0
2022-04-28,2.35652377566228e-05,24.0
2022-04-29,3.493219640192413e-05,13.0
2022-05-02,,0.0
2022-05-03,2.6255069877968522e-05,35.0
2022-05-04,3.387762567431726e-05,35.0
2022-05-05,,0.0
2022-05-06,,0.0
2022-05-07,,8.0
2022-05-08,2.2983888207198478e-05,10.0
2022-05-09,,0.0
2022-05-10,,0.0
2022-05-11,5.217261080252932e-05,39.0
2022-05-12,,7.0
2022-05-13,4.8837974379750435e-05,41.0
2022-05-14,2.4469500354728173e-05,36.0
2022-05-15,3.582358174509534e-05,38.0
2022-05-16,,0.0
2022-05-17,4.922164270555144e-05,40.0
2022-05-18,3.065905714137089e-05,80.0
2022-05-19,3.5183830567055336e-05,40.0
2022-05-20,,0.0
2022-05-21,6.269220400230302e-05,40.0
2022-05-22,5.021605991709318e-05,40.0
2022-05-23,2.4792891212417062e-05,23.0
2022-05-24,,0.0
2022-05-25,3.3815867770642806e-05,36.0
2022-05-26,6.030635054080937e-05,40.0
2022-05-27,8.038528965125074e-05,40.0
2022-05-28,4.762483802693991e-05,75.0
2022-05-29,4.414005859483494e-05,80.0
2022-05-30,6.694318341910919e-05,40.0
2022-06-01,4.9293794374567906e-05,40.0
2022-06-02,6.825891479080453e-05,40.0
2022-06-03,7.491852876882747e-05,73.0
2022-06-04,4.157606240589504e-05,40.0
2022-06-05,4.40671090609132e-05,40.0
2022-06-06,4.5507629744145086e-05,40.0
2022-06-07,5.047992811432654e-05,40.0
2022-06-08,3.726567467229152e-05,80.0
2022-06-09,2.774914466284494e-05,68.0
2022-06-10,7.969410686801967e-05,37.0
2022-06-11,4.597369551248197e-05,40.0
2022-06-12,3.9760119408451584e-05,15.0
2022-06-13,4.0285473309177406e-05,32.0
2022-06-14,3.6987417688395966e-05,51.0
2022-06-15,3.80592129184014e-05,40.0
2022-06-16,5.1823186894162935e-05,40.0
2022-06-17,5.144824293777233e-05,40.0
2022-06-18,5.109343825916077e-05,40.0
2022-06-19,3.513439014035727e-05,80.0
2022-06-20,7.741591350319077e-05,40.0
2022-06-21,6.817884929546739e-05,40.0
2022-06-22,4.330518612241786e-05,23.0
2022-06-23,4.039298126730443e-05,40.0
2022-06-24,3.152813898183043e-05,59.0
2022-06-25,4.128271944342163e-05,40.0
2022-06-26,,0.0
2022-06-27,4.118412105798932e-05,40.0
2022-06-28,4.0599804427178835e-05,40.0
2022-06-29,4.15278698896823e-05,80.0
2022-07-01,6.45668027230212e-05,40.0
2022-07-02,4.807963521196047e-05,37.0
2022-07-03,5.2035043975575737e-05,40.0
2022-07-04,6.0701958657475906e-05,39.0
2022-07-05,4.216549762586484e-05,76.0
2022-07-06,7.618780135082372e-05,40.0
2022-07-07,7.408733111591095e-05,40.0
2022-07-08,7.521137550289884e-05,40.0
2022-07-09,6.34683319804708e-05,40.0
2022-07-10,4.809906618223023e-05,80.0
2022-07-11,4.503920236959589e-05,80.0
2022-07-12,6.162997346249645e-05,40.0
2022-07-13,6.779606024558203e-05,40.0
2022-07-14,7.77126838390645e-05,40.0
2022-07-15,4.722523988855213e-05,76.0
2022-07-16,4.736388080032852e-05,80.0
2022-07-17,4.488918066801009e-05,40.0
2022-07-18,7.766004046406478e-05,40.0
2022-07-19,5.388469735860116e-05,21.0
2022-07-20,5.671036673064361e-05,40.0
2022-07-21,4.45679378724737e-05,80.0
2022-07-22,5.294791829685611e-05,40.0
2022-07-23,4.997042580870965e-05,40.0
2022-07-24,3.109207401108967e-05,15.0
2022-07-25,5.659070932372469e-05,40.0
2022-07-26,4.2552410940330025e-05,80.0
2022-07-27,4.835938651746619e-05,80.0
2022-07-28,4.8234567082872305e-05,40.0
2022-07-29,6.278496901884272e-05,40.0
2022-07-30,6.150813097035711e-05,40.0
2022-08-01,4.80069594689445e-05,45.0
2022-08-02,4.725468654538897e-05,40.0
2022-08-03,6.13841943474995e-05,40.0
2022-08-04,5.769104011448031e-05,40.0
2022-08-05,5.543221687339221e-05,40.0
2022-08-06,,1.0
2022-08-07,5.407303158060888e-05,40.0
2022-08-08,7.240731597772279e-05,40.0
2022-08-09,6.926401984930043e-05,40.0
2022-08-10,7.158654854795023e-05,40.0
2022-08-11,5.407864904328985e-05,80.0
2022-08-12,5.236203877303732e-05,80.0
2022-08-13,5.62425142382023e-05,40.0
2022-08-14,4.723989498242622e-05,40.0
2022-08-15,6.482536763416759e-05,40.0
2022-08-16,4.3055152243545475e-05,70.0
2022-08-17,5.8678143416772933e-05,80.0
2022-08-18,6.233688129673727e-05,40.0
2022-08-19,5.177119228094974e-05,40.0
2022-08-20,3.1765382333153776e-05,40.0
2022-08-21,4.441219236166615e-05,39.0
2022-08-22,4.258814853232172e-05,79.0
2022-08-23,5.1374736950208804e-05,40.0
2022-08-24,6.335760193042011e-05,40.0
2022-08-25,6.337253072281917e-05,40.0
2022-08-26,7.284585935032873e-05,40.0
2022-08-27,4.434763996186734e-05,80.0
2022-08-28,4.4720559783125024e-05,80.0
2022-08-29,4.564853386250823e-05,40.0
2022-08-30,5.30995224873033e-05,40.0
2022-09-01,4.980858665446904e-05,80.0
2022-09-02,5.304516260872612e-05,90.0
2022-09-03,4.019476265461904e-05,45.0
2022-09-04,3.7923590892760803e-05,45.0
2022-09-05,5.464913835512989e-05,45.0
2022-09-06,5.9979576017712454e-05,45.0
2022-09-07,3.489521215253917e-05,45.0
2022-09-08,4.212692244600243e-05,45.0
2022-09-09,4.899639855825707e-05,45.0
2022-09-10,6.498746474803149e-05,45.0
2022-09-11,5.8651203739205335e-05,45.0
2022-09-12,4.3446889692536315e-05,90.0
2022-09-13,3.88869796647715e-05,90.0
2022-09-14,2.7751099346846765e-05,45.0
2022-09-15,4.118190554157502e-05,45.0
2022-09-16,6.864483452768617e-05,45.0
2022-09-17,3.884453865278046e-05,80.0
2022-09-18,3.873086000479408e-05,90.0
2022-09-19,3.722477430764879e-05,45.0
2022-09-20,4.679392366520013e-05,45.0
2022-09-21,4.035766759198911e-05,45.0
2022-09-22,,0.0
2022-09-23,4.3820270494621104e-05,90.0
2022-09-24,,4.0
2022-09-25,4.200846730926851e-05,45.0
2022-09-26,7.561102495078668e-05,45.0
2022-09-27,6.0280312229219996e-05,45.0
2022-09-28,6.430167379591119e-05,90.0
2022-09-29,4.487295630543893e-05,90.0
2022-10-01,6.566195623312103e-05,45.0
2022-10-02,5.486832912739591e-05,45.0
2022-10-03,4.589098797084215e-05,85.0
2022-10-04,4.1504237986928424e-05,90.0
2022-10-05,2.6605370968634436e-05,45.0
2022-10-06,5.641823149433708e-05,45.0
2022-10-07,7.28696604432516e-05,45.0
2022-10-08,8.237604835070424e-05,45.0
2022-10-09,,0.0
2022-10-10,4.228207842584353e-05,45.0
2022-10-11,5.564065359270916e-05,45.0
2022-10-12,4.516272429018539e-05,36.0
2022-10-13,,5.0
2022-10-14,,0.0
2022-10-15,,0.0
2022-10-16,3.739657449763033e-05,31.0
2022-10-17,,6.0
2022-10-18,7.4695154035241e-05,30.0
2022-10-19,5.8121161359032846e-05,18.0
2022-10-20,4.2335074114267546e-05,64.0
2022-10-21,,0.0
2022-10-22,,0.0
2022-10-23,6.829437799445707e-05,40.0
2022-10-24,,0.0
2022-10-25,5.232619928433943e-05,40.0
2022-10-26,5.050963989475372e-05,40.0
2022-10-27,5.830851363572445e-05,24.0
2022-10-28,5.9253203140278867e-05,40.0
2022-10-29,6.338498420585068e-05,40.0
2022-10-30,5.2311838603909535e-05,80.0
2022-11-01,3.0120574059354438e-05,38.0
2022-11-02,5.841560041694462e-05,40.0
2022-11-03,7.530910525859818e-05,36.0
2022-11-04,4.980873248804476e-05,70.0
2022-11-05,5.959291589348226e-05,80.0
2022-11-06,2.815029774067553e-05,21.0
2022-11-07,5.2418891740325596e-05,40.0
2022-11-08,9.198798973030021e-05,40.0
2022-11-09,,6.0
2022-11-10,0.00010025623751205829,40.0
2022-11-11,,0.0
2022-11-12,6.389194462460116e-05,22.0
2022-11-13,7.669203079501139e-05,40.0
2022-11-14,7.448486640322384e-05,40.0
2022-11-15,6.988845648795057e-05,80.0
2022-11-16,,6.0
2022-11-17,5.943865348735901e-05,40.0
2022-11-18,6.141780316784725e-05,34.0
2022-11-19,8.238949475329552e-05,40.0
2022-11-20,9.610557160210299e-05,60.0
2022-11-21,,0.0
2022-11-22,,0.0
2022-11-23,8.748875020480714e-05,40.0
2022-11-24,0.00013111937321048047,40.0
2022-11-25,,0.0
2022-11-26,,0.0
2022-11-27,5.976307242488617e-05,40.0
2022-11-28,8.284815286837581e-05,40.0
2022-11-29,9.362156842929872e-05,40.0
2022-12-01,,0.0
2022-12-02,,0.0
2022-12-03,,0.0
2022-12-04,,2.0
2022-12-05,,0.0
2022-12-06,,0.0
2022-12-07,,0.0
2022-12-08,,0.0
2022-12-09,,0.0
2022-12-10,,0.0
2022-12-11,,0.0
2022-12-12,,0.0
2022-12-13,,0.0
2022-12-14,0.00014942708943984468,39.0
2022-12-15,,8.0
2022-12-16,,0.0
2022-12-17,0.00013960354709178106,43.0
2022-12-18,0.00011372264300414049,30.0
2022-12-19,,0.0
2022-12-20,,0.0
2022-12-21,,0.0
2022-12-22,0.0,13.0
2022-12-23,,0.0
2022-12-24,9.239075793911414e-05,40.0
2022-12-25,7.620643505795084e-05,40.0
2022-12-26,0.0001595444646427976,37.0
2022-12-27,5.4968220306032904e-05,15.0
2022-12-28,7.322208723475194e-05,30.0
2022-12-29,0.00011350581312521201,40.0
2022-12-30,0.00010521453018786723,40.0
2023-01-01,0.0001358879619368465,40.0
2023-01-02,0.00013236586964766238,80.0
2023-01-03,0.00019613141286600058,80.0
2023-01-04,0.00020284782221855266,40.0
2023-01-05,0.000178406323567076,40.0
2023-01-06,0.00017724023940184495,40.0
2023-01-07,6.8974841367848e-05,43.0
2023-01-08,,4.0
2023-01-09,0.00014689476778842998,38.0
2023-01-10,0.00011295317639233956,39.0
2023-01-11,0.000159156636391087,16.0
2023-01-12,,7.0
2023-01-13,,0.0
2023-01-14,0.00012039140076024681,40.0
2023-01-15,0.00012673761593219585,40.0
2023-01-16,0.00021334660220129962,40.0
2023-01-17,0.0001538255218102517,40.0
2023-01-18,0.00014117625635193254,80.0
2023-01-19,0.00012691155448613345,80.0
2023-01-20,0.00015624699225530033,40.0
2023-01-21,0.00011738875165135182,40.0
2023-01-22,0.0001368264652522545,37.0
2023-01-23,0.00017169031776445687,44.0
2023-01-24,8.218291627774539e-05,80.0
2023-01-25,9.54588468386807e-05,40.0
2023-01-26,0.0001229219602996328,40.0
2023-01-27,0.0001345316582244282,40.0
2023-01-28,,0.0
2023-01-29,,0.0
2023-01-30,,0.0
2023-02-01,,0.0
2023-02-02,,0.0
2023-02-03,,0.0
2023-02-04,,0.0
2023-02-05,,0.0
2023-02-06,8.744781650764157e-05,13.0
2023-02-07,,0.0
2023-02-08,,0.0
2023-02-09,,0.0
2023-02-10,,5.0
2023-02-11,8.024541796819535e-05,12.0
2023-02-12,8.661380162829835e-05,19.0
2023-02-13,,8.0
2023-02-14,9.04321141260386e-05,63.0
2023-02-15,,0.0
2023-02-16,5.4343619312803926e-05,32.0
2023-02-17,8.854608701668038e-05,31.0
2023-02-18,9.325777850701159e-05,28.0
2023-02-19,,0.0
2023-02-20,8.100836051468226e-05,19.0
2023-02-21,,0.0
2023-02-22,5.0838620703684486e-05,32.0
2023-02-23,4.2556975551651075e-05,26.0
2023-02-24,5.860277285154378e-05,57.0
2023-02-25,8.560305215255104e-05,51.0
2023-02-26,7.747389529637379e-05,42.0
2023-02-27,,0.0
2023-03-01,0.00014628455106482753,40.0
2023-03-02,,0.0
2023-03-03,,0.0
2023-03-04,,6.0
2023-03-05,,0.0
2023-03-06,,0.0
2023-03-07,4.429096204862535e-05,90.0
2023-03-08,6.192353371508947e-05,45.0
2023-03-09,,0.0
2023-03-10,0.00010895812703064892,45.0
2023-03-11,5.850327755359202e-05,25.0
2023-03-12,4.106708602060712e-05,45.0
2023-03-13,,0.0
2023-03-14,4.065292515379556e-05,45.0
2023-03-15,3.972557728101001e-05,45.0
2023-03-16,,0.0
2023-03-17,,0.0
2023-03-18,6.119551558631554e-05,80.0
2023-03-19,,0.0
2023-03-20,2.7835239534830952e-05,20.0
2023-03-21,8.566977458738833e-05,45.0
2023-03-22,5.6094312410959145e-05,23.0
2023-03-23,7.697949053988517e-05,90.0
2023-03-24,5.227673638196645e-05,55.0
2023-03-25,,0.0
2023-03-26,4.2850118934725436e-05,45.0
2023-03-27,,0.0
2023-03-28,6.002154477339291e-05,81.0
2023-03-29,2.823047615636213e-05,61.0
2023-03-30,,0.0
2023-04-01,,0.0
2023-04-02,5.517952700026589e-05,45.0
2023-04-03,2.084308426284565e-05,39.0
2023-04-04,5.649200534303906e-05,45.0
2023-04-05,5.9684126830707517e-05,33.0
2023-04-06,4.9608340014262544e-05,45.0
2023-04-07,4.207949529666049e-05,26.0
2023-04-08,3.4936327311193156e-05,64.0
2023-04-09,4.819880817766742e-05,63.0
2023-04-10,,0.0
2023-04-11,,0.0
2023-04-12,,0.0
2023-04-13,,0.0
2023-04-14,,4.0
2023-04-15,3.586017899253195e-05,30.0
2023-04-16,6.118308654203863e-05,40.0
2023-04-17,4.799903607366548e-05,17.0
2023-04-18,6.0992517159972874e-05,40.0
2023-04-19,5.959525581877075e-05,80.0
2023-04-20,7.64063000004809e-05,39.0
2023-04-21,7.504053328357974e-05,30.0
2023-04-22,2.880657239266122e-05,36.0
2023-04-23,5.265871748054048e-05,40.0
2023-04-24,,0.0
2023-04-25,3.651764534307716e-05,71.0
2023-04-26,3.92520004684215e-05,37.0
2023-04-27,2.3939277498316422e-05,17.0
2023-04-28,,0.0
2023-04-29,,0.0
2023-05-01,2.2153206088945984e-05,14.0
2023-05-02,4.4857847697595076e-05,40.0
2023-05-03,,0.0
2023-05-04,6.658593629072116e-05,40.0
2023-05-05,5.839040044133713e-05,80.0
2023-05-06,,0.0
2023-05-07,2.001608615538622e-05,14.0
2023-05-08,3.4992461822617386e-05,40.0
2023-05-09,4.442022198053986e-05,30.0
2023-05-10,3.874294925471086e-05,80.0
2023-05-11,2.6370352732492005e-05,40.0
2023-05-12,,0.0
2023-05-13,5.014695497398067e-05,19.0
2023-05-14,4.578070414267698e-05,24.0
2023-05-15,,0.0
2023-05-16,3.8265090548594434e-05,80.0
2023-05-17,4.435033609122681e-05,40.0
2023-05-18,5.142158540753928e-05,38.0
2023-05-19,3.685154600234831e-05,24.0
2023-05-20,,0.0
2023-05-21,,0.0
2023-05-22,,0.0
2023-05-23,3.5184144121271904e-05,40.0
2023-05-24,,0.0
2023-05-25,6.720582944788037e-05,40.0
2023-05-26,3.341531875618319e-05,80.0
2023-05-27,3.687953115625448e-05,40.0
2023-05-28,,0.0
2023-05-29,,0.0
2023-05-30,,0.0
2023-06-01,3.2809169101744784e-05,28.0
2023-06-02,3.6780356284083694e-05,40.0
2023-06-03,,0.0
2023-06-04,2.6391435869488155e-05,40.0
2023-06-05,,0.0
2023-06-06,3.9835569650536235e-05,40.0
2023-06-07,3.108411236388208e-05,21.0
2023-06-08,5.1789465789917035e-05,40.0
2023-06-09,3.7964180906630745e-05,32.0
2023-06-10,2.9519740386024316e-05,22.0
2023-06-11,2.63850706440721e-05,80.0
2023-06-12,2.565131869881574e-05,53.0
2023-06-13,,0.0
2023-06-14,,2.0
2023-06-15,,0.0
2023-06-16,5.7682137016172294e-05,40.0
2023-06-17,4.1292078586767435e-05,80.0
2023-06-18,,0.0
2023-06-19,6.099637636580306e-05,40.0
2023-06-20,5.107901815230828e-05,40.0
2023-06-21,4.272157701202825e-05,35.0
2023-06-22,2.2629449790498934e-05,14.0
2023-06-23,6.340936609138925e-05,40.0
2023-06-24,,6.0
2023-06-25,5.768290900004902e-05,40.0
2023-06-26,7.509075455809487e-05,40.0
2023-06-27,1.2888294910058145e-05,21.0
2023-06-28,3.6343089769026035e-05,80.0
2023-06-29,5.116382607215497e-05,40.0
2023-07-01,5.853226338722003e-05,40.0
2023-07-02,3.355382115601399e-05,40.0
2023-07-03,5.49290460188735e-05,80.0
2023-07-04,6.208683454078979e-05,34.0
2023-07-05,5.249575261444036e-05,39.0
2023-07-06,8.233230215389337e-05,40.0
2023-07-07,8.460805516971718e-05,40.0
2023-07-08,5.179016789431525e-05,72.0
2023-07-09,4.609223393693076e-05,40.0
2023-07-10,4.3663128695658566e-05,27.0
2023-07-11,,0.0
2023-07-12,5.213231702276676e-05,40.0
2023-07-13,5.8197287904438746e-05,80.0
2023-07-14,5.4366860023887095e-05,80.0
2023-07-15,6.089965284470811e-05,40.0
2023-07-16,4.7267928581303836e-05,40.0
2023-07-17,5.588950728813557e-05,40.0
2023-07-18,6.400577131033297e-05,50.0
2023-07-19,5.523111784873152e-05,80.0
2023-07-20,6.0169927418054204e-05,40.0
2023-07-21,7.99126774403431e-05,40.0
2023-07-22,6.92764895174809e-05,40.0
2023-07-23,5.731950817688181e-05,40.0
2023-07-24,5.709250537580469e-05,79.0
2023-07-25,4.760176461071597e-05,37.0
2023-07-26,8.640298575780776e-05,40.0
2023-07-27,6.828753245284237e-05,40.0
2023-07-28,,0.0
2023-07-29,4.65428183028457e-05,80.0
2023-07-30,3.764515132294478e-05,40.0
2023-08-01,5.544473548422056e-05,40.0
2023-08-02,6.0518252459862856e-05,40.0
2023-08-03,4.736418648514846e-05,60.0
2023-08-04,3.683238830704171e-05,37.0
2023-08-05,7.108745326447941e-05,39.0
2023-08-06,6.497803087428128e-05,40.0
2023-08-07,4.780222980354665e-05,36.0
2023-08-08,5.706070558678214e-05,40.0
2023-08-09,5.3813403980919024e-05,80.0
2023-08-10,4.288612941867298e-05,40.0
2023-08-11,6.141754854117669e-05,40.0
2023-08-12,6.018414621987265e-05,37.0
2023-08-13,3.890380655649237e-05,40.0
2023-08-14,5.8265056054156175e-05,80.0
2023-08-15,6.360604332512413e-05,80.0
2023-08-16,5.571239217065805e-05,40.0
2023-08-17,6.642113507316125e-05,40.0
2023-08-18,,6.0
2023-08-19,5.61528132684501e-05,40.0
2023-08-20,4.079249844441508e-05,80.0
2023-08-21,5.7001206527508154e-05,40.0
2023-08-22,5.268783233610256e-05,40.0
2023-08-23,5.3724026571009196e-05,40.0
2023-08-24,5.044320812348502e-05,40.0
2023-08-25,4.048631294005874e-05,80.0
2023-08-26,3.916996868866921e-05,40.0
2023-08-27,4.65741847182029e-05,40.0
2023-08-28,5.313048942295167e-05,40.0
2023-08-29,6.958319438114753e-05,36.0
2023-08-30,5.176064608942985e-05,79.0
2023-09-01,4.4068434854597933e-05,45.0
2023-09-02,4.6274140326314924e-05,45.0
2023-09-03,5.675012860357129e-05,45.0
2023-09-04,4.318218006233943e-05,90.0
2023-09-05,4.539052907862072e-05,90.0
2023-09-06,4.52763827373673e-05,45.0
2023-09-07,4.216417423609932e-05,45.0
2023-09-08,3.95457128359329e-05,45.0
2023-09-09,,0.0
2023-09-10,1.913825175377796e-05,86.0
2023-09-11,2.0436438017164432e-05,27.0
2023-09-12,,0.0
2023-09-13,,1.0
2023-09-14,7.107681896171539e-05,45.0
2023-09-15,4.479606606908887e-05,90.0
2023-09-16,3.869309563771781e-05,90.0
2023-09-17,4.324930885634907e-05,45.0
2023-09-18,7.671608773315019e-05,42.0
2023-09-19,6.183696021233114e-05,45.0
2023-09-20,5.3328677820044404e-05,70.0
2023-09-21,4.594604931935495e-05,90.0
2023-09-22,4.545116410019908e-05,45.0
2023-09-23,5.877076060654296e-05,45.0
2023-09-24,4.716102887958238e-05,45.0
2023-09-25,4.3811718398497785e-05,35.0
2023-09-26,4.792528650761017e-05,71.0
2023-09-27,5.754498422412676e-05,45.0
2023-09-28,6.066892647874429e-05,45.0
2023-09-29,6.141809064708135e-05,45.0
2023-10-01,3.051881461877178e-05,90.0
2023-10-02,2.5980670907078992e-05,47.0
2023-10-03,,0.0
2023-10-04,,0.0
2023-10-05,4.6250250890295524e-05,45.0
2023-10-06,6.460764902205428e-05,60.0
2023-10-07,5.2537339447525374e-05,90.0
2023-10-08,4.508751616759422e-05,45.0
2023-10-09,4.818686151275768e-05,41.0
2023-10-10,4.062526151426583e-05,21.0
2023-10-11,4.1695432783241115e-05,34.0
2023-10-12,3.380339596017859e-05,90.0
2023-10-13,3.325293250145917e-05,45.0
2023-10-14,4.9905994201352406e-05,45.0
2023-10-15,4.943365076263958e-05,45.0
2023-10-16,,1.0
2023-10-17,4.415640981279757e-05,27.0
2023-10-18,,0.0
2023-10-19,,0.0
2023-10-20,4.6349545568502436e-05,40.0
2023-10-21,8.280709438292827e-05,40.0
2023-10-22,4.689332973211073e-05,47.0
2023-10-23,8.37994657782121e-05,80.0
2023-10-24,5.2295326599485446e-05,40.0
2023-10-25,4.12747798923143e-05,40.0
2023-10-26,4.162129268083233e-05,20.0
2023-10-27,,0.0
2023-10-28,5.031034089107118e-05,80.0
2023-10-29,5.65139707366517e-05,40.0
2023-10-30,7.72355226826029e-05,40.0
2023-11-01,9.923564459023123e-05,40.0
2023-11-02,6.199691988278763e-05,80.0
2023-11-03,,0.0
2023-11-04,5.2779120300457385e-05,40.0
2023-11-05,8.430783853211408e-05,40.0
2023-11-06,8.601393805757907e-05,40.0
2023-11-07,3.964266915647888e-05,49.0
2023-11-08,6.366651604079565e-05,80.0
2023-11-09,8.593572110277567e-05,40.0
2023-11-10,5.8631324662833627e-05,22.0
2023-11-11,5.925727841484907e-05,37.0
2023-11-12,7.694356956586264e-05,40.0
2023-11-13,7.503465686336378e-05,80.0
2023-11-14,,0.0
2023-11-15,7.561552983319376e-05,22.0
2023-11-16,7.315517273328933e-05,40.0
2023-11-17,3.9578011334004284e-05,34.0
2023-11-18,5.17428279920948e-05,69.0
2023-11-19,,0.0
2023-11-20,,0.0
2023-11-21,1.7327834576786977e-05,18.0
2023-11-22,9.150127744207824e-05,33.0
2023-11-23,0.00010858504571101745,35.0
2023-11-24,0.00014596833319205572,66.0
2023-11-25,7.23472791520282e-05,17.0
2023-11-26,,2.0
2023-11-27,,1.0
2023-11-28,4.861403632933249e-05,40.0
2023-11-29,0.00010301433835838206,78.0
2023-12-01,0.0001376687603757932,40.0
2023-12-02,0.00022673664676247778,40.0
2023-12-03,0.00019822161356951225,40.0
2023-12-04,0.00016999203316131597,67.0
2023-12-05,0.00021563527691975497,80.0
2023-12-06,,0.0
2023-12-07,0.0001171597135652626,40.0
2023-12-08,0.0001053245314745763,23.0
2023-12-09,,0.0
2023-12-10,4.71138833804462e-05,37.0
2023-12-11,7.636002745508497e-05,40.0
2023-12-12,0.00012407544570611532,37.0
2023-12-13,,0.0
2023-12-14,8.5901677912703e-05,28.0
2023-12-15,0.0001500136210520307,68.0
2023-12-16,0.00012671702075655035,26.0
2023-12-17,,0.0
2023-12-18,0.00010505912087860775,37.0
2023-12-19,0.00014197010808449486,38.0
2023-12-20,0.00021575354211304196,39.0
2023-12-21,0.0001763707664825791,38.0
2023-12-22,0.0001796307380955604,18.0
2023-12-23,,0.0
2023-12-24,,0.0
2023-12-25,,0.0
2023-12-26,,3.0
2023-12-27,0.00012097632061470047,40.0
2023-12-28,7.785251410483044e-05,33.0
2023-12-29,,0.0
2023-12-30,0.00023818802388868984,40.0
2024-01-01,0.00014992840926796394,36.0
2024-01-02,0.00015902168338398853,40.0
2024-01-03,9.026206880454352e-05,27.0
2024-01-04,,0.0
2024-01-05,,0.0
2024-01-06,4.694351994987409e-05,79.0
2024-01-07,0.00011784512561358276,40.0
2024-01-08,0.00011933548634814087,24.0
2024-01-09,,0.0
2024-01-10,,0.0
2024-01-11,,0.0
2024-01-12,,0.0
2024-01-13,4.59453382573042e-05,16.0
2024-01-14,4.4242287435407216e-05,13.0
2024-01-15,0.0001779230460064167,35.0
2024-01-16,,4.0
2024-01-17,,1.0
2024-01-18,0.0001118950434385406,37.0
2024-01-19,0.0001108348365444404,18.0
2024-01-20,,2.0
2024-01-21,,0.0
2024-01-22,,0.0
2024-01-23,,0.0
2024-01-24,,0.0
2024-01-25,6.635149385644718e-05,28.0
2024-01-26,0.00023063807374761058,12.0
2024-01-27,,0.0
2024-01-28,0.00011090723963007274,23.0
2024-01-29,0.00014273541338840487,10.0
2024-01-30,0.00019360068246502193,12.0
2024-02-01,0.00017021140295765143,32.0
2024-02-02,8.56603249123268e-05,26.0
2024-02-03,0.00028546791202989445,11.0
2024-02-04,7.775380501581701e-05,11.0
2024-02-05,,0.0
2024-02-06,,6.0
2024-02-07,5.5821030693885536e-05,46.0
2024-02-08,8.225750315568551e-05,34.0
2024-02-09,,9.0
2024-02-10,4.512839824329313e-05,39.0
2024-02-11,7.536672446161462e-05,78.0
2024-02-12,8.065390239664348e-05,40.0
2024-02-13,7.996451572159139e-05,17.0
2024-02-14,0.0001607673412282901,19.0
2024-02-15,3.5483265268894455e-05,23.0
2024-02-16,,0.0
2024-02-17,,0.0
2024-02-18,4.5418615593179755e-05,12.0
2024-02-19,6.028306990076596e-05,25.0
2024-02-20,4.6990882501908026e-05,26.0
2024-02-21,6.754953007600518e-05,21.0
2024-02-22,8.455385463924571e-05,37.0
2024-02-23,5.219924119258972e-05,16.0
2024-02-24,7.415145650369926e-05,19.0
2024-02-25,3.6919917798509945e-05,21.0
2024-02-26,8.865526290274281e-05,44.0
2024-02-27,8.143500638239256e-05,85.0
2024-02-28,0.00011526997439866283,87.0
2024-03-01,0.0001267166101472761,45.0
2024-03-02,,3.0
2024-03-03,9.954547278852052e-05,45.0
2024-03-04,4.330836478351404e-05,46.0
2024-03-05,3.5655671532611965e-05,39.0
2024-03-06,,0.0
2024-03-07,,0.0
2024-03-08,5.010969323308415e-05,41.0
2024-03-09,3.463294184998529e-05,25.0
2024-03-10,,0.0
2024-03-11,4.653959464981051e-05,45.0
2024-03-12,7.120831418846663e-05,44.0
2024-03-13,8.972906667947158e-05,26.0
2024-03-14,,0.0
2024-03-15,3.8188017250527654e-05,48.0
2024-03-16,2.696775440628832e-05,42.0
2024-03-17,3.492835847366175e-05,30.0
2024-03-18,,0.0
2024-03-19,,0.0
2024-03-20,,2.0
2024-03-21,,0.0
2024-03-22,,0.0
2024-03-23,,0.0
2024-03-24,3.5524037666259774e-05,38.0
2024-03-25,5.028831020496607e-05,40.0
2024-03-26,,0.0
2024-03-27,,4.0
2024-03-28,8.1106203017068e-05,45.0
2024-03-29,0.00010576559648684286,45.0
2024-03-30,4.2700880127700335e-05,68.0
2024-04-01,9.728878249430612e-05,45.0
2024-04-02,6.721462997787409e-05,45.0
2024-04-03,6.872345219043115e-05,45.0
2024-04-04,,0.0
2024-04-05,,8.0
2024-04-06,6.925425729857592e-05,26.0
2024-04-07,3.212423803066156e-05,37.0
2024-04-08,,0.0
2024-04-09,6.182832948809445e-05,38.0
2024-04-10,3.066929843124734e-05,22.0
2024-04-11,,0.0
2024-04-12,5.869412127338206e-05,45.0
2024-04-13,5.997753567662209e-05,40.0
2024-04-14,4.0043950541904474e-05,40.0
2024-04-15,3.7246801573671935e-05,57.0
2024-04-16,5.237025201976684e-05,80.0
2024-04-17,4.312822026634837e-05,40.0
2024-04-18,5.2977263707888626e-05,40.0
2024-04-19,4.614541378646717e-05,40.0
2024-04-20,,2.0
2024-04-21,2.9281419670473516e-05,67.0
2024-04-22,4.7622007262558995e-05,40.0
2024-04-23,5.302159204534858e-05,40.0
2024-04-24,,0.0
2024-04-25,7.536499375280228e-05,40.0
2024-04-26,4.335349840864498e-05,80.0
2024-04-27,4.6783588664269425e-05,80.0
2024-04-28,4.795768970592079e-05,40.0
2024-04-29,5.8401753583245005e-05,40.0
2024-05-01,5.505071463381665e-05,56.0
2024-05-02,2.3556497098374778e-05,40.0
2024-05-03,,3.0
2024-05-04,,0.0
2024-05-05,,0.0
2024-05-06,1.9151639033028008e-05,17.0
2024-05-07,,0.0
2024-05-08,,5.0
2024-05-09,4.3390073197970054e-05,40.0
2024-05-10,3.6468055237496045e-05,40.0
2024-05-11,,0.0
2024-05-12,3.4787431756318785e-05,50.0
2024-05-13,4.763912684918553e-05,40.0
2024-05-14,2.536151295258741e-05,17.0
2024-05-15,4.635889258840431e-05,40.0
2024-05-16,3.3678724317555456e-05,35.0
2024-05-17,1.9595534222896346e-05,59.0
2024-05-18,3.533925132389201e-05,80.0
2024-05-19,6.594243243526353e-05,40.0
2024-05-20,4.2059129647060555e-05,40.0
2024-05-21,,7.0
2024-05-22,,0.0
2024-05-23,2.6472840171059077e-05,71.0
2024-05-24,4.7078159649072044e-05,24.0
2024-05-25,,0.0
2024-05-26,,0.0
2024-05-27,4.933429706015701e-05,36.0
2024-05-28,4.46617613094465e-05,80.0
2024-05-29,6.0411717618959246e-05,80.0
2024-05-30,3.2521637468555016e-05,39.0
2024-06-01,5.797388223407094e-05,40.0
2024-06-02,4.583164030884273e-05,76.0
2024-06-03,5.1161542369286954e-05,72.0
2024-06-04,5.237806222759288e-05,39.0
2024-06-05,7.894527565909302e-05,40.0
2024-06-06,7.266489809336405e-05,40.0
2024-06-07,5.6558876962318007e-05,40.0
2024-06-08,2.2925497220048458e-05,17.0
2024-06-09,,0.0
2024-06-10,,9.0
2024-06-11,5.7820343316126516e-05,13.0
2024-06-12,5.790584562815991e-05,39.0
2024-06-13,5.833682033054913e-05,80.0
2024-06-14,4.337223522179542e-05,80.0
2024-06-15,5.053369349287553e-05,40.0
2024-06-16,3.427095174826801e-05,40.0
2024-06-17,9.268487878468522e-05,40.0
2024-06-18,4.4734444234833823e-05,58.0
2024-06-19,5.634722222366342e-05,80.0
2024-06-20,4.525904335360152e-05,40.0
2024-06-21,8.445909238234647e-05,40.0
2024-06-22,5.041742450182413e-05,40.0
2024-06-23,5.538352476003754e-05,40.0
2024-06-24,6.13304468534341e-05,80.0
2024-06-25,5.6985692533118644e-05,40.0
2024-06-26,5.2419400185546065e-05,40.0
2024-06-27,7.929590228198579e-05,40.0
2024-06-28,6.04847380090051e-05,40.0
2024-06-29,3.471093900086885e-05,58.0
2024-07-01,,0.0
2024-07-02,4.038720209600427e-05,30.0
2024-07-03,6.023752926105675e-05,33.0
2024-07-04,4.774268916913447e-05,60.0
2024-07-05,4.421242890106457e-05,80.0
2024-07-06,6.65389611123433e-05,40.0
2024-07-07,4.845712461236673e-05,40.0
2024-07-08,6.202012166150416e-05,37.0
2024-07-09,6.680586180383863e-05,40.0
2024-07-10,4.6007493270072176e-05,59.0
2024-07-11,3.906469889333623e-05,40.0
2024-07-12,8.221307148314204e-05,40.0
2024-07-13,6.0892697373559953e-05,40.0
2024-07-14,4.485070182649817e-05,40.0
2024-07-15,3.960766428771807e-05,35.0
2024-07-16,,0.0
2024-07-17,5.8559444052758634e-05,40.0
2024-07-18,5.2641279065562684e-05,31.0
2024-07-19,5.00954912564182e-05,11.0
2024-07-20,,0.0
2024-07-21,4.3365086527898964e-05,76.0
2024-07-22,5.65872808286776e-05,40.0
2024-07-23,5.577983494604468e-05,40.0
2024-07-24,2.5010551239659187e-05,10.0
2024-07-25,,6.0
2024-07-26,4.657027260416167e-05,68.0
2024-07-27,4.621347103751583e-05,40.0
2024-07-28,5.58126318584575e-05,40.0
2024-07-29,5.5002994810274996e-05,31.0
2024-07-30,,0.0
2024-08-01,3.3741343690454515e-05,80.0
2024-08-02,6.843564530967594e-05,40.0
2024-08-03,6.983417342306788e-05,40.0
2024-08-04,5.826144619357775e-05,40.0
2024-08-05,5.0424256198321344e-05,53.0
2024-08-06,5.142775907765729e-05,80.0
2024-08-07,4.348547385492707e-05,40.0
2024-08-08,6.250533343500876e-05,40.0
2024-08-09,9.005636678005291e-05,40.0
2024-08-10,6.706340019593065e-05,40.0
2024-08-11,4.021017138435471e-05,67.0
2024-08-12,4.621246821574804e-05,40.0
2024-08-13,4.513765706207065e-05,40.0
2024-08-14,4.164178398212448e-05,40.0
2024-08-15,3.950840846720762e-05,33.0
2024-08-16,5.163676915347001e-05,62.0
2024-08-17,4.163617573767565e-05,80.0
2024-08-18,5.390184402157752e-05,40.0
2024-08-19,5.304771706837526e-05,40.0
2024-08-20,9.851483698479781e-05,40.0
2024-08-21,5.270493896246279e-05,60.0
2024-08-22,3.890843032745463e-05,80.0
2024-08-23,4.543822334562323e-05,40.0
2024-08-24,4.632586921018978e-05,40.0
2024-08-25,5.205051237977283e-05,37.0
2024-08-26,5.703834392321157e-05,40.0
2024-08-27,4.0271281245611484e-05,80.0
2024-08-28,5.0026802474046935e-05,40.0
2024-08-29,6.8934154631493e-05,40.0
2024-08-30,5.5268264559782e-05,45.0
2024-09-01,4.1795595611885356e-05,90.0
2024-09-02,6.0581174204277456e-05,90.0
2024-09-03,5.785136785884053e-05,45.0
2024-09-04,6.854820877896828e-05,45.0
2024-09-05,6.72466237492478e-05,45.0
2024-09-06,6.272877610929262e-05,45.0
2024-09-07,5.615381856054987e-05,90.0
2024-09-08,3.2479572064485394e-05,45.0
2024-09-09,4.802646356248478e-05,45.0
2024-09-10,2.6925795683183848e-05,16.0
2024-09-11,7.657053498849659e-05,45.0
2024-09-12,4.7108219285070134e-05,90.0
2024-09-13,4.783281791588794e-05,45.0
2024-09-14,7.301406487116194e-05,45.0
2024-09-15,5.105544097151321e-05,45.0
2024-09-16,8.407182831868762e-05,29.0
2024-09-17,5.5565622491531866e-05,90.0
2024-09-18,4.13249240897635e-05,90.0
2024-09-19,4.246575578773102e-05,33.0
2024-09-20,8.180640654747581e-05,34.0
2024-09-21,3.4009716258613665e-05,20.0
2024-09-22,2.5121589477777696e-05,52.0
2024-09-23,5.432681041019705e-05,50.0
2024-09-24,,0.0
2024-09-25,6.115624732095124e-05,45.0
2024-09-26,5.962066643653912e-05,44.0
2024-09-27,,0.0
2024-09-28,4.600852996330769e-05,88.0
2024-09-29,3.543439581063875e-05,45.0
2024-10-01,,0.0
2024-10-02,5.2748921560230746e-05,31.0
2024-10-03,4.787976069537268e-05,90.0
2024-10-04,7.322198130480644e-05,90.0
2024-10-05,5.8668205953681255e-05,45.0
2024-10-06,5.173297493901385e-05,45.0
2024-10-07,5.913958853205313e-05,45.0
2024-10-08,4.8964278634249246e-05,44.0
2024-10-09,4.2334811850289555e-05,90.0
2024-10-10,4.763564706551495e-05,45.0
2024-10-11,,0.0
2024-10-12,5.225275836559785e-05,36.0
2024-10-13,4.690832990212905e-05,43.0
2024-10-14,7.474858568576907e-05,33.0
2024-10-15,5.77705276006285e-05,45.0
2024-10-16,5.6933676345388426e-05,40.0
2024-10-17,,0.0
2024-10-18,,0.0
2024-10-19,4.7235587223223576e-05,79.0
2024-10-20,3.992783248679357e-05,80.0
2024-10-21,2.780289064814552e-05,25.0
2024-10-22,9.348219534211691e-05,40.0
2024-10-23,9.116933330059732e-05,40.0
2024-10-24,5.617710742553107e-05,59.0
2024-10-25,5.531031265736708e-05,80.0
2024-10-26,1.9332613831372444e-05,27.0
2024-10-27,6.962310256572366e-05,40.0
2024-10-28,8.658653837849528e-05,40.0
2024-10-29,0.00011897164782333036,40.0
2024-10-30,6.573610855945877e-05,73.0
2024-11-01,9.726752018410661e-05,40.0
2024-11-02,7.694213286218231e-05,40.0
2024-11-03,6.477684258701403e-05,14.0
2024-11-04,6.0180900375513665e-05,40.0
2024-11-05,3.748664823384154e-05,40.0
2024-11-06,7.603342361851766e-05,40.0
2024-11-07,5.485199585340856e-05,40.0
2024-11-08,8.922198398852538e-05,40.0
2024-11-09,8.755574729355117e-05,75.0
2024-11-10,0.00010511976141513806,80.0
2024-11-11,,3.0
2024-11-12,9.591230882302556e-05,40.0
2024-11-13,7.909907984590495e-05,26.0
2024-11-14,0.00011800208262763466,13.0
2024-11-15,0.00014578929413388246,80.0
2024-11-16,8.177588706642064e-05,17.0
2024-11-17,4.425323786910909e-05,40.0
2024-11-18,,0.0
2024-11-19,0.00014974499424594346,40.0
2024-11-20,8.401120279010905e-05,46.0
2024-11-21,5.245000722424352e-05,40.0
2024-11-22,7.219735209150606e-05,40.0
2024-11-23,9.208188166455606e-05,40.0
2024-11-24,8.534384311767591e-05,14.0
2024-11-25,,0.0
2024-11-26,6.906353141293976e-05,41.0
2024-11-27,,0.0
2024-11-28,,0.0
2024-11-29,0.00016230698698228835,37.0
2024-12-01,9.2202427080246e-05,22.0
2024-12-02,7.01427814606541e-05,25.0
2024-12-03,6.121767342927168e-05,34.0
2024-12-04,0.0001304289124974667,40.0
2024-12-05,0.0001683260808314283,33.0
2024-12-06,,0.0
2024-12-07,0.00011109556334770347,44.0
2024-12-08,0.00014524625989615912,12.0
2024-12-09,0.0001639344149530738,36.0
2024-12-10,0.00014073511903701634,35.0
2024-12-11,0.0002164658579310138,19.0
2024-12-12,,0.0
2024-12-13,8.141649935024211e-05,23.0
2024-12-14,2.5446157169751267e-05,22.0
2024-12-15,0.00011983284059636369,36.0
2024-12-16,,0.0
2024-12-17,0.00011379563596288704,48.0
2024-12-18,6.335108630736106e-05,38.0
2024-12-19,5.292774344228391e-05,40.0
2024-12-20,0.00016375625051682789,40.0
2024-12-21,0.0002086659254499724,40.0
2024-12-22,0.00016377136985710125,40.0
2024-12-23,0.00013486889598571502,42.0
2024-12-24,0.00014202225246113322,24.0
2024-12-25,0.00016578477545810128,40.0
2024-12-26,,0.0
2024-12-27,,0.0
2024-12-28,,0.0
2024-12-29,5.920158580294538e-05,20.0
2024-12-30,0.00011007432175115784,36.0
2025-01-01,6.987736094424764e-05,10.0
2025-01-02,0.0001168187789266848,30.0
2025-01-03,0.00011357289546855294,40.0
2025-01-04,0.00011642951477735149,40.0
2025-01-05,7.116833023377225e-05,13.0
2025-01-06,,0.0
2025-01-07,0.00010472977596050847,72.0
2025-01-08,0.00012580549791666977,33.0
2025-01-09,,0.0
2025-01-10,,0.0
2025-01-11,,0.0
2025-01-12,,0.0
2025-01-13,,0.0
2025-01-14,,0.0
2025-01-15,,0.0
2025-01-16,0.00014925256699957172,15.0
2025-01-17,0.00012294248017464396,23.0
2025-01-18,,2.0
2025-01-19,,0.0
2025-01-20,6.995378667891294e-05,39.0
2025-01-21,9.28757891052759e-05,35.0
2025-01-22,0.0001527661164958781,32.0
2025-01-23,,8.0
2025-01-24,,0.0
2025-01-25,8.60300260017838e-05,38.0
2025-01-26,8.348803128702737e-05,32.0
2025-01-27,9.693559504725438e-05,39.0
2025-01-28,0.0001373099569171403,40.0
2025-01-29,0.0001782653891620643,68.0
2025-01-30,0.00012977699675048164,40.0
2025-02-01,0.00018226426449100268,38.0
2025-02-02,0.00014119922489610443,37.0
2025-02-03,9.40058655732139e-05,75.0
2025-02-04,7.692671713241851e-05,40.0
2025-02-05,0.00015169761626806678,28.0
2025-02-06,,0.0
2025-02-07,,8.0
2025-02-08,,0.0
2025-02-09,5.459022679184315e-05,19.0
2025-02-10,9.653854104065498e-05,36.0
2025-02-11,9.386225857369737e-05,40.0
2025-02-12,0.00012986843588337884,38.0
2025-02-13,0.0001058102366202079,44.0
2025-02-14,,0.0
2025-02-15,3.8041942118035316e-05,10.0
2025-02-16,0.00014385815800414557,33.0
2025-02-17,0.00011221727308996809,40.0
2025-02-18,6.030162607743559e-05,31.0
2025-02-19,,0.0
2025-02-20,,0.0
2025-02-21,,9.0
2025-02-22,7.556424321229901e-05,37.0
2025-02-23,,6.0
2025-02-24,,0.0
2025-02-25,,0.0
2025-02-26,2.998329696806585e-05,15.0
2025-02-27,5.182414631931247e-05,18.0
2025-03-01,0.0,10.0
2025-03-02,7.129851891511572e-05,46.0
2025-03-03,4.690312024697142e-05,18.0
2025-03-04,2.8128932654410162e-05,23.0
2025-03-05,0.0001148135724683276,45.0
2025-03-06,9.046429903821043e-05,42.0
2025-03-07,0.000241939980798047,74.0
2025-03-08,0.00012606309722913277,37.0
2025-03-09,0.00012174386569911057,45.0
2025-03-10,7.4379282638179e-05,45.0
2025-03-11,7.123221854008354e-05,44.0
2025-03-12,7.357590415811322e-05,90.0
2025-03-13,8.21306720074406e-05,88.0
2025-03-14,7.904846124921134e-05,45.0
2025-03-15,0.00011853178399805455,45.0
2025-03-16,6.890442355895693e-05,45.0
2025-03-17,7.024438918982182e-05,84.0
2025-03-18,,9.0
2025-03-19,,0.0
2025-03-20,7.354828591014367e-05,45.0
2025-03-21,4.448208542986331e-05,41.0
2025-03-22,,4.0
2025-03-23,1.927451094022154e-05,40.0
2025-03-24,7.474975987679557e-05,45.0
2025-03-25,0.00010719293284721894,45.0
2025-03-26,7.752973523829507e-05,45.0
2025-03-27,,0.0
2025-03-28,4.099635277644397e-05,90.0
2025-03-29,,0.0
2025-03-30,,4.0
2025-04-01,7.422375000001402e-05,45.0
2025-04-02,,0.0
2025-04-03,,6.0
2025-04-04,2.6284489568726292e-05,24.0
2025-04-05,,0.0
2025-04-06,,4.0
2025-04-07,,0.0
2025-04-08,,0.0
2025-04-09,,0.0
2025-04-10,,4.0
2025-04-11,4.590676192434168e-05,34.0
2025-04-12,,0.0
2025-04-13,,0.0
2025-04-14,,0.0
2025-04-15,,0.0
2025-04-16,,0.0
2025-04-17,7.601703260407894e-05,40.0
2025-04-18,5.529681460371178e-05,69.0
2025-04-19,6.061996107928591e-05,80.0
2025-04-20,3.4988089695987065e-05,40.0
2025-04-21,2.9638628039903113e-05,39.0
2025-04-22,,0.0
2025-04-23,,0.0
2025-04-24,3.9056165702661086e-05,79.0
2025-04-25,,0.0
2025-04-26,5.779832721999002e-05,40.0
2025-04-27,4.446673689394355e-05,40.0
2025-04-28,8.348443633267591e-05,33.0
2025-04-29,4.2106449747387945e-05,51.0
2025-05-01,3.812846465260468e-05,40.0
2025-05-02,,0.0
2025-05-03,,2.0
2025-05-04,3.349188922472036e-05,54.0
2025-05-05,3.3771644948442294e-05,38.0
2025-05-06,,2.0
2025-05-07,5.225442462947095e-05,40.0
2025-05-08,3.779387111065709e-05,40.0
2025-05-09,4.880406905334689e-05,40.0
2025-05-10,3.23414440826037e-05,80.0
2025-05-11,,5.0
2025-05-12,,0.0
2025-05-13,6.232500690279882e-05,40.0
2025-05-14,,6.0
2025-05-15,,0.0
2025-05-16,2.8377394161349863e-05,80.0
2025-05-17,3.317551448141622e-05,40.0
2025-05-18,,0.0
2025-05-19,5.3782306360922614e-05,40.0
2025-05-20,3.144462908933863e-05,45.0
2025-05-21,4.3373292606227076e-05,80.0
2025-05-22,4.088857768099751e-05,40.0
2025-05-23,3.911903861240557e-05,16.0
2025-05-24,7.036231908899577e-05,40.0
2025-05-25,6.235656243963028e-05,40.0
2025-05-26,4.9211385100458914e-05,79.0
2025-05-27,,0.0
2025-05-28,5.679695674638451e-05,40.0
2025-05-29,5.805304962447579e-05,40.0
2025-05-30,,0.0
2025-06-01,2.8364364175214116e-05,80.0
2025-06-02,5.573161884141252e-05,40.0
2025-06-03,5.713778020597079e-05,20.0
2025-06-04,3.5860566639422936e-05,13.0
2025-06-05,4.803139380178792e-05,36.0
2025-06-06,3.08678440184071e-05,40.0
2025-06-07,4.0580782488566314e-05,35.0
2025-06-08,4.646700240636481e-05,40.0
2025-06-09,5.6302686784472124e-05,40.0
2025-06-10,,8.0
2025-06-11,4.2853757888521355e-05,80.0
2025-06-12,4.343965486888485e-05,40.0
2025-06-13,5.3815485377403226e-05,40.0
2025-06-14,4.63344854449794e-05,40.0
2025-06-15,4.1958708570941884e-05,40.0
2025-06-16,3.476541959646499e-05,73.0
2025-06-17,2.914694548289572e-05,25.0
2025-06-18,5.052568673137384e-05,40.0
2025-06-19,5.989299875311554e-05,40.0
2025-06-20,6.0665592606130674e-05,40.0
2025-06-21,5.045952398614903e-05,40.0
2025-06-22,3.7396970465133824e-05,54.0
2025-06-23,3.109880944123234e-05,17.0
2025-06-24,9.569666273244855e-05,40.0
2025-06-25,5.226005464772279e-05,40.0
2025-06-26,6.768740016439609e-05,40.0
2025-06-27,5.35592709081917e-05,80.0
2025-06-28,5.754604017976765e-05,41.0
2025-06-29,4.4842780407106276e-05,39.0
2025-07-01,5.075158674124944e-05,40.0
2025-07-02,3.8558968561186975e-05,39.0
2025-07-03,2.8487770434175204e-05,34.0
2025-07-04,4.736479477694007e-05,40.0
2025-07-05,6.526177906217424e-05,40.0
2025-07-06,5.166720697333746e-05,24.0
2025-07-07,,5.0
2025-07-08,4.791318700394104e-05,74.0
2025-07-09,6.201349438384188e-05,40.0
2025-07-10,6.762622128624958e-05,39.0
2025-07-11,7.309020860600636e-05,40.0
2025-07-12,6.546121884856625e-05,40.0
2025-07-13,4.476914950482723e-05,80.0
2025-07-14,5.081840885127548e-05,42.0
2025-07-15,5.358209383399962e-05,40.0
2025-07-16,4.4777306690978245e-05,40.0
2025-07-17,4.4808398248687956e-05,40.0
2025-07-18,5.1536505320372944e-05,80.0
2025-07-19,4.767614403384232e-05,80.0
2025-07-20,5.31113851158252e-05,40.0
2025-07-21,6.726963525493653e-05,40.0
2025-07-22,6.300492249601862e-05,40.0
2025-07-23,6.124357049734314e-05,40.0
2025-07-24,5.777290606872816e-05,80.0
2025-07-25,5.3084305667835365e-05,40.0
2025-07-26,7.215767438353211e-05,40.0
2025-07-27,4.8576486556368035e-05,40.0
2025-07-28,4.5199284243534355e-05,40.0
2025-07-29,4.120203416603796e-05,80.0
2025-07-30,3.897859472753991e-05,42.0
2025-08-01,4.3578054405614435e-05,40.0
2025-08-02,4.8177835369020055e-05,40.0
2025-08-03,3.7787331786167194e-05,80.0
2025-08-04,4.779140848558553e-05,80.0
2025-08-05,5.6401761632025776e-05,40.0
2025-08-06,4.313188350661335e-05,19.0
2025-08-07,7.2345455158316e-05,11.0
2025-08-08,6.681075693291182e-05,40.0
2025-08-09,4.186128156537896e-05,80.0
2025-08-10,3.6281054285644685e-05,40.0
2025-08-11,6.410092030650818e-05,40.0
2025-08-12,6.939511238278225e-05,40.0
2025-08-13,5.238202309203121e-05,40.0
2025-08-14,4.2910186387101195e-05,80.0
2025-08-15,4.692912883748525e-05,41.0
2025-08-16,3.6528390273762655e-05,27.0
2025-08-17,4.766022340906411e-05,40.0
2025-08-18,4.6006562360326844e-05,40.0
2025-08-19,3.7916543594452635e-05,80.0
2025-08-20,4.53006798717741e-05,80.0
2025-08-21,4.603449826119426e-05,40.0
2025-08-22,5.2653147477429234e-05,40.0
2025-08-23,5.539871220941487e-05,40.0
2025-08-24,3.9295125493403655e-05,40.0
2025-08-25,4.985303012925648e-05,80.0
2025-08-26,5.678461762092165e-05,40.0
2025-08-27,6.468450279695421e-05,40.0
2025-08-28,6.13262359163589e-05,40.0
2025-08-29,6.857991843484716e-05,40.0
2025-08-30,5.626701009945475e-05,90.0
2025-09-01,5.814788494844134e-05,45.0
2025-09-02,5.362772957848592e-05,45.0
2025-09-03,4.224537636528935e-05,29.0
2025-09-04,3.6561630716568075e-05,90.0
2025-09-05,4.326054456045615e-05,90.0
2025-09-06,4.805852979390835e-05,45.0
2025-09-07,4.657599152239542e-05,45.0
2025-09-08,5.725862288000637e-05,45.0
2025-09-09,5.732322611423023e-05,45.0
2025-09-10,4.181688005224364e-05,90.0
2025-09-11,,8.0
2025-09-12,4.857190695453376e-05,45.0
2025-09-13,4.9413064504493675e-05,45.0
2025-09-14,3.940311587597761e-05,33.0
2025-09-15,4.946181744901791e-05,90.0
2025-09-16,4.0636529169849604e-05,45.0
2025-09-17,5.130366389487329e-05,45.0
2025-09-18,6.272979741724296e-05,40.0
2025-09-19,,0.0
2025-09-20,,0.0
2025-09-21,2.9547141090104074e-05,53.0
2025-09-22,4.113291316482934e-05,31.0
2025-09-23,4.724008521927885e-05,45.0
2025-09-24,5.566995871182993e-05,45.0
2025-09-25,4.401443124684639e-05,55.0
2025-09-26,6.129639135459279e-05,90.0
2025-09-27,4.585338841600878e-05,45.0
2025-09-28,4.302749407083417e-05,45.0
2025-09-29,6.164331441854856e-05,45.0
2025-10-01,,4.0
2025-10-02,5.894925284210092e-05,22.0
2025-10-03,8.245531843580795e-05,45.0
2025-10-04,6.497365631224185e-05,45.0
2025-10-05,,0.0
2025-10-06,6.776525642529064e-05,90.0
2025-10-07,6.751374697046435e-05,90.0
2025-10-08,5.085595054025983e-05,45.0
2025-10-09,4.64535767818677e-05,45.0
2025-10-10,4.210282848079125e-05,45.0
2025-10-11,4.263774524605918e-05,68.0
2025-10-12,4.847919796207495e-05,90.0
2025-10-13,,6.0
2025-10-14,7.290560341398372e-05,45.0
2025-10-15,7.014008846954868e-05,45.0
2025-10-16,6.196032267343842e-05,40.0
2025-10-17,5.425400297958126e-05,80.0
2025-10-18,4.66105553439627e-05,40.0
2025-10-19,5.862944479501414e-05,40.0
2025-10-20,5.4904491481835815e-05,40.0
2025-10-21,0.00010196138052561672,29.0
2025-10-22,,0.0
2025-10-23,,0.0
2025-10-24,,0.0
2025-10-25,,0.0
2025-10-26,,0.0
2025-10-27,3.858877910387187e-05,28.0
2025-10-28,5.222395975482974e-05,40.0
2025-10-29,7.093219625638363e-05,31.0
2025-10-30,4.153488273595898e-05,40.0
2025-11-02,,0.0
2025-11-03,,0.0
2025-11-04,8.237073798147865e-05,40.0
2025-11-05,0.00010948398974859463,40.0
2025-11-06,0.0001459998971779124,40.0
2025-11-07,0.0001211635248882553,80.0
2025-11-08,7.881748305498033e-05,71.0
2025-11-09,7.886753352355341e-05,40.0
2025-11-10,0.00010654857577309393,40.0
2025-11-11,,8.0
2025-11-12,,2.0
2025-11-13,7.50069093326522e-05,36.0
2025-11-14,9.03854331970231e-05,40.0
2025-11-15,,0.0
2025-11-16,,0.0
2025-11-17,,3.0
2025-11-18,9.939559449498492e-05,80.0
2025-11-19,0.00012962352841033552,40.0
2025-11-20,0.00016094838456171077,40.0
2025-11-21,0.00019174296854960522,40.0
2025-11-22,0.00018312222007660725,40.0
2025-11-23,0.00019730826707844892,80.0
2025-11-24,0.0002306103380568727,80.0
2025-11-25,0.0002941777299779385,29.0
2025-11-26,,0.0
2025-11-27,0.00015131689124868697,40.0
2025-11-28,0.0001661282139544977,40.0
2025-11-29,0.00016170947479443235,80.0
2025-12-01,,0.0
2025-12-02,,0.0
2025-12-03,0.00012850486700257964,28.0
2025-12-04,8.264221954344045e-05,80.0
2025-12-05,9.868545546167366e-05,40.0
2025-12-06,,0.0
2025-12-07,,0.0
2025-12-08,,0.0
2025-12-09,,0.0
2025-12-10,,0.0
2025-12-11,7.791900941496091e-05,20.0
2025-12-12,,0.0
2025-12-13,4.4659676915429065e-05,30.0
2025-12-14,2.7271307741379695e-05,40.0
2025-12-15,,0.0
2025-12-16,,0.0
2025-12-17,7.498327339993681e-05,40.0
2025-12-18,0.00016509318547340516,40.0
2025-12-19,0.00019364541071750007,40.0
2025-12-20,0.0002564916758026793,80.0
2025-12-21,0.00012021588871346869,45.0
2025-12-22,0.0002077609120890199,40.0
2025-12-23,0.0001597719905187864,33.0
2025-12-24,0.00013289590847468432,40.0
2025-12-25,0.00012395778069611074,80.0
2025-12-26,,0.0
2025-12-27,,0.0
2025-12-28,,0.0
2025-12-29,,0.0
2025-12-30,,0.0
2026-01-01,,0.0
2026-01-02,5.2743231614077946e-05,34.0
2026-01-03,0.00025582915874124254,15.0
2026-01-04,0.0003707110806104367,14.0
2026-01-05,,0.0
2026-01-06,,0.0
2026-01-07,0.0006301921976995941,23.0
2026-01-08,0.0005359289997108902,22.0
2026-01-09,,0.0
2026-01-10,,0.0
2026-01-11,,0.0
2026-01-12,5.111123847015279e-05,14.0
2026-01-13,7.390689107143247e-05,15.0
2026-01-14,,2.0
2026-01-15,,4.0
2026-01-16,0.00010542253695797294,11.0
2026-01-17,,0.0
2026-01-18,0.0001516702017612694,11.0
2026-01-19,,0.0
2026-01-20,,0.0
2026-01-21,,8.0
2026-01-22,,0.0
2026-01-23,,0.0
2026-01-24,0.0003250937801698533,11.0
2026-01-25,,6.0
2026-01-26,,0.0
2026-01-27,,0.0
2026-01-28,,0.0
2026-01-29,0.0002000011374451261,16.0
2026-01-30,,0.0
2026-02-01,,0.0
2026-02-02,,0.0
2026-02-03,,0.0
2026-02-04,6.384610367045503e-05,13.0
2026-02-05,0.00010675523773141518,32.0
2026-02-06,0.00010510026769262397,28.0
2026-02-07,,0.0
2026-02-08,7.322172360901549e-05,14.0
2026-02-09,,0.0
2026-02-10,,0.0
2026-02-11,,0.0
2026-02-12,,0.0
2026-02-13,,0.0
2026-02-14,,0.0
2026-02-15,8.290010663055335e-05,40.0
2026-02-16,0.00010334996708576526,47.0
2026-02-17,,0.0
2026-02-18,2.3866147492673475e-05,38.0
2026-02-19,2.700842238190229e-05,19.0
2026-02-20,7.147945313678655e-05,40.0
2026-02-21,0.0001594967684183782,40.0
2026-02-22,4.26049315934137e-05,49.0
2026-02-23,6.022488302824895e-05,40.0
2026-02-24,,0.0
2026-02-25,6.509787246559989e-05,40.0
2026-02-26,,0.0
2026-02-27,,0.0
2026-03-01,,5.0
2026-03-02,6.238304356046153e-05,21.0
2026-03-03,9.693490282453097e-05,40.0
2026-03-04,,0.0
2026-03-05,5.479713098104288e-05,36.0
2026-03-06,,0.0
2026-03-07,,0.0
2026-03-08,,0.0
2026-03-09,7.491947817145086e-05,11.0
2026-03-10,7.001356151385314e-05,51.0
2026-03-11,8.709194700627202e-05,41.0
2026-03-12,4.2506249843643694e-05,23.0
2026-03-13,,2.0
2026-03-14,,0.0
2026-03-15,,0.0
2026-03-16,2.3365334937929267e-05,39.0
2026-03-17,5.9102600279734344e-05,41.0
2026-03-18,6.56727441587589e-05,45.0
2026-03-19,7.510765570587168e-05,34.0
2026-03-20,,0.0
2026-03-21,3.6684094134161224e-05,23.0
2026-03-22,,0.0
2026-03-23,2.3190635749869517e-05,13.0
2026-03-24,,4.0
