date,solar_rad
2018-01-01,6.847488e+06
2018-01-02,3.961408e+06
2018-01-03,9.5088e+06
2018-01-04,9.074048e+06
2018-01-05,7.199488e+06
2018-01-06,9.102784e+06
2018-01-07,9.620736e+06
2018-01-08,9.663808e+06
2018-01-09,9.611712e+06
2018-01-10,9.95584e+06
2018-01-11,9.138688e+06
2018-01-12,9.675968e+06
2018-01-13,8.479808e+06
2018-01-14,5.375872e+06
2018-01-15,7.116928e+06
2018-01-16,8.448192e+06
2018-01-17,8.515968e+06
2018-01-18,3.959104e+06
2018-01-19,8.691648e+06
2018-01-20,8.78592e+06
2018-01-21,9.914944e+06
2018-01-22,9.014464e+06
2018-01-23,1.076288e+07
2018-01-24,9.083392e+06
2018-01-25,5.545728e+06
2018-01-26,7.00992e+06
2018-01-27,6.743936e+06
2018-01-28,1.1961024e+07
2018-01-29,1.186336e+07
2018-01-30,1.0415744e+07
2018-01-31,1.1888384e+07
2018-02-01,1.2556032e+07
2018-02-02,1.3455232e+07
2018-02-03,1.2816896e+07
2018-02-04,8.604288e+06
2018-02-05,1.2989376e+07
2018-02-06,1.3034752e+07
2018-02-07,1.329184e+07
2018-02-08,1.363936e+07
2018-02-09,1.2389312e+07
2018-02-10,1.4474368e+07
2018-02-11,1.0024832e+07
2018-02-12,1.1245312e+07
2018-02-13,1.2350912e+07
2018-02-14,1.3273088e+07
2018-02-15,1.4275968e+07
2018-02-16,1.502976e+07
2018-02-17,1.468608e+07
2018-02-18,3.560768e+06
2018-02-19,8.859712e+06
2018-02-20,1.4897408e+07
2018-02-21,1.3891648e+07
2018-02-22,1.3007744e+07
2018-02-23,1.4446016e+07
2018-02-24,1.4639616e+07
2018-02-25,1.61136e+07
2018-02-26,1.2568256e+07
2018-02-27,1.33392e+07
2018-02-28,1.6230208e+07
2018-03-01,1.3729152e+07
2018-03-02,1.504e+07
2018-03-03,1.5399616e+07
2018-03-04,1.2173632e+07
2018-03-05,1.492128e+07
2018-03-06,1.4141248e+07
2018-03-07,1.4365824e+07
2018-03-08,1.4559552e+07
2018-03-09,8.881536e+06
2018-03-10,1.9477632e+07
2018-03-11,1.6705344e+07
2018-03-12,1.6388864e+07
2018-03-13,1.9706304e+07
2018-03-14,1.4895168e+07
2018-03-15,1.579424e+07
2018-03-16,1.6361088e+07
2018-03-17,1.4675776e+07
2018-03-18,2.091008e+07
2018-03-19,2.039904e+07
2018-03-20,2.018464e+07
2018-03-21,1.7534336e+07
2018-03-22,2.0929344e+07
2018-03-23,1.521952e+07
2018-03-24,1.9241408e+07
2018-03-25,1.9886976e+07
2018-03-26,1.9784128e+07
2018-03-27,1.9549568e+07
2018-03-28,2.1199808e+07
2018-03-29,1.6465024e+07
2018-03-30,1.2812672e+07
2018-03-31,1.7229952e+07
2018-04-01,2.319968e+07
2018-04-02,2.3839104e+07
2018-04-03,1.6979904e+07
2018-04-04,2.303712e+07
2018-04-05,2.4907456e+07
2018-04-06,2.4666176e+07
2018-04-07,2.4648128e+07
2018-04-08,2.3604352e+07
2018-04-09,2.2441152e+07
2018-04-10,2.514016e+07
2018-04-11,2.1782208e+07
2018-04-12,2.4252416e+07
2018-04-13,1.216544e+07
2018-04-14,1.5440448e+07
2018-04-15,2.0645632e+07
2018-04-16,2.666656e+07
2018-04-17,2.469376e+07
2018-04-18,2.5027904e+07
2018-04-19,2.3269504e+07
2018-04-20,1.8688768e+07
2018-04-21,9.466112e+06
2018-04-22,2.3515072e+07
2018-04-23,2.4355136e+07
2018-04-24,2.3729728e+07
2018-04-25,2.7207232e+07
2018-04-26,2.5978752e+07
2018-04-27,2.051168e+07
2018-04-28,1.862432e+07
2018-04-29,1.7491328e+07
2018-04-30,1.9027456e+07
2018-05-01,2.6933248e+07
2018-05-02,2.5897408e+07
2018-05-03,2.5077632e+07
2018-05-04,2.1850688e+07
2018-05-05,2.1485696e+07
2018-05-06,1.8915328e+07
2018-05-07,2.7113088e+07
2018-05-08,1.6988544e+07
2018-05-09,2.2358016e+07
2018-05-10,2.0657664e+07
2018-05-11,2.1042368e+07
2018-05-12,1.2818432e+07
2018-05-13,1.7600896e+07
2018-05-14,2.0062016e+07
2018-05-15,2.0873408e+07
2018-05-16,2.60272e+07
2018-05-17,2.3079936e+07
2018-05-18,2.2820608e+07
2018-05-19,2.4745408e+07
2018-05-20,2.0660224e+07
2018-05-21,2.3745152e+07
2018-05-22,2.2888256e+07
2018-05-23,2.1629056e+07
2018-05-24,2.4427328e+07
2018-05-25,2.1760448e+07
2018-05-26,2.5768576e+07
2018-05-27,2.8668224e+07
2018-05-28,2.8303872e+07
2018-05-29,1.4300416e+07
2018-05-30,2.1619968e+07
2018-05-31,2.2709248e+07
2018-06-01,2.5432128e+07
2018-06-02,2.4445888e+07
2018-06-03,2.248224e+07
2018-06-04,2.4627648e+07
2018-06-05,2.3058688e+07
2018-06-06,2.8705472e+07
2018-06-07,2.829856e+07
2018-06-08,2.3947072e+07
2018-06-09,2.478784e+07
2018-06-10,2.5964416e+07
2018-06-11,2.5054976e+07
2018-06-12,1.9718144e+07
2018-06-13,2.621088e+07
2018-06-14,2.5936192e+07
2018-06-15,2.6165056e+07
2018-06-16,2.264032e+07
2018-06-17,2.7225664e+07
2018-06-18,2.9134976e+07
2018-06-19,2.7020032e+07
2018-06-20,2.6422144e+07
2018-06-21,2.6470464e+07
2018-06-22,2.6249792e+07
2018-06-23,2.6194688e+07
2018-06-24,2.6385088e+07
2018-06-25,2.748352e+07
2018-06-26,2.5863616e+07
2018-06-27,2.524736e+07
2018-06-28,2.70144e+07
2018-06-29,2.7971648e+07
2018-06-30,2.9442176e+07
2018-07-01,3.0629888e+07
2018-07-02,2.8047936e+07
2018-07-03,2.9399168e+07
2018-07-04,2.6929984e+07
2018-07-05,2.5639872e+07
2018-07-06,2.6605184e+07
2018-07-07,2.2421504e+07
2018-07-08,2.3950976e+07
2018-07-09,2.6584128e+07
2018-07-10,2.6709248e+07
2018-07-11,2.7820672e+07
2018-07-12,2.6127104e+07
2018-07-13,2.209984e+07
2018-07-14,2.3651968e+07
2018-07-15,2.3203712e+07
2018-07-16,2.5017472e+07
2018-07-17,2.4203136e+07
2018-07-18,2.7824448e+07
2018-07-19,2.7157952e+07
2018-07-20,2.930816e+07
2018-07-21,2.5830016e+07
2018-07-22,2.188928e+07
2018-07-23,2.3992704e+07
2018-07-24,2.7292096e+07
2018-07-25,2.7229888e+07
2018-07-26,2.6378752e+07
2018-07-27,2.2315008e+07
2018-07-28,2.5846528e+07
2018-07-29,2.560576e+07
2018-07-30,2.4995392e+07
2018-07-31,2.5401088e+07
2018-08-01,2.258176e+07
2018-08-02,2.4804288e+07
2018-08-03,2.286176e+07
2018-08-04,2.2392768e+07
2018-08-05,2.492256e+07
2018-08-06,2.2947584e+07
2018-08-07,2.3543552e+07
2018-08-08,2.318336e+07
2018-08-09,2.1684736e+07
2018-08-10,2.1728192e+07
2018-08-11,1.8377792e+07
2018-08-12,2.3313408e+07
2018-08-13,2.2192576e+07
2018-08-14,2.0082304e+07
2018-08-15,2.2133248e+07
2018-08-16,2.5380864e+07
2018-08-17,2.5528576e+07
2018-08-18,2.2638208e+07
2018-08-19,1.8513984e+07
2018-08-20,1.8953344e+07
2018-08-21,2.1580224e+07
2018-08-22,2.218336e+07
2018-08-23,2.1158208e+07
2018-08-24,2.2933376e+07
2018-08-25,2.324032e+07
2018-08-26,2.1673728e+07
2018-08-27,2.1697536e+07
2018-08-28,2.134144e+07
2018-08-29,2.2610496e+07
2018-08-30,2.3260608e+07
2018-08-31,2.0502848e+07
2018-09-01,2.1237056e+07
2018-09-02,2.2129344e+07
2018-09-03,2.1851904e+07
2018-09-04,2.0419072e+07
2018-09-05,2.2024e+07
2018-09-06,2.207744e+07
2018-09-07,2.1745856e+07
2018-09-08,2.1549184e+07
2018-09-09,1.950656e+07
2018-09-10,1.8286272e+07
2018-09-11,1.9766784e+07
2018-09-12,2.1233984e+07
2018-09-13,2.1441984e+07
2018-09-14,2.0371584e+07
2018-09-15,2.0425664e+07
2018-09-16,1.9907712e+07
2018-09-17,2.0035264e+07
2018-09-18,1.8405632e+07
2018-09-19,1.7872384e+07
2018-09-20,1.8161792e+07
2018-09-21,1.8710016e+07
2018-09-22,1.5952512e+07
2018-09-23,1.8090752e+07
2018-09-24,1.9368704e+07
2018-09-25,1.9597248e+07
2018-09-26,1.7324928e+07
2018-09-27,1.5364416e+07
2018-09-28,1.7752384e+07
2018-09-29,1.7998336e+07
2018-09-30,1.7516416e+07
2018-10-01,1.7651904e+07
2018-10-02,1.4372864e+07
2018-10-03,1.6948352e+07
2018-10-04,1.8000384e+07
2018-10-05,1.7733568e+07
2018-10-06,1.5504576e+07
2018-10-07,1.6208384e+07
2018-10-08,1.7254848e+07
2018-10-09,1.3444608e+07
2018-10-10,1.3430144e+07
2018-10-11,1.2723776e+07
2018-10-12,1.4296576e+07
2018-10-13,1.3454656e+07
2018-10-14,1.4338176e+07
2018-10-15,1.5497152e+07
2018-10-16,1.5338752e+07
2018-10-17,1.5659328e+07
2018-10-18,1.5930432e+07
2018-10-19,1.566656e+07
2018-10-20,1.4415424e+07
2018-10-21,1.322592e+07
2018-10-22,1.163328e+07
2018-10-23,1.37264e+07
2018-10-24,9.577088e+06
2018-10-25,6.302016e+06
2018-10-26,4.577856e+06
2018-10-27,1.3847424e+07
2018-10-28,1.4253184e+07
2018-10-29,1.4100288e+07
2018-10-30,1.3995904e+07
2018-10-31,1.3759168e+07
2018-11-01,1.2631488e+07
2018-11-02,1.0288128e+07
2018-11-03,1.1694208e+07
2018-11-04,1.2418176e+07
2018-11-05,2.578944e+06
2018-11-06,6.228928e+06
2018-11-07,7.550784e+06
2018-11-08,1.0011264e+07
2018-11-09,1.162912e+07
2018-11-10,1.2009024e+07
2018-11-11,1.1967808e+07
2018-11-12,1.067008e+07
2018-11-13,9.535488e+06
2018-11-14,6.30624e+06
2018-11-15,4.9344e+06
2018-11-16,6.63008e+06
2018-11-17,9.596928e+06
2018-11-18,6.879744e+06
2018-11-19,1.0896256e+07
2018-11-20,9.535296e+06
2018-11-21,8.85696e+06
2018-11-22,4.785664e+06
2018-11-23,6.40416e+06
2018-11-24,6.395584e+06
2018-11-25,7.967936e+06
2018-11-26,8.942016e+06
2018-11-27,7.565248e+06
2018-11-28,6.978048e+06
2018-11-29,8.126272e+06
2018-11-30,4.470464e+06
2018-12-01,1.878848e+06
2018-12-02,7.661632e+06
2018-12-03,7.717696e+06
2018-12-04,7.462144e+06
2018-12-05,4.114496e+06
2018-12-06,7.605376e+06
2018-12-07,5.623552e+06
2018-12-08,7.45792e+06
2018-12-09,5.262208e+06
2018-12-10,7.308288e+06
2018-12-11,6.373632e+06
2018-12-12,4.062144e+06
2018-12-13,7.166144e+06
2018-12-14,4.763328e+06
2018-12-15,8.46208e+06
2018-12-16,7.889984e+06
2018-12-17,7.449024e+06
2018-12-18,7.29792e+06
2018-12-19,7.849344e+06
2018-12-20,6.71488e+06
2018-12-21,5.780224e+06
2018-12-22,7.334592e+06
2018-12-23,8.460032e+06
2018-12-24,4.455488e+06
2018-12-25,6.732352e+06
2018-12-26,6.456832e+06
2018-12-27,4.941376e+06
2018-12-28,3.8496e+06
2018-12-29,9.689408e+06
2018-12-30,8.811776e+06
2018-12-31,5.381376e+06
2019-01-01,8.609536e+06
2019-01-02,8.998912e+06
2019-01-03,9.063296e+06
2019-01-04,6.399616e+06
2019-01-05,9.118848e+06
2019-01-06,8.162432e+06
2019-01-07,7.881216e+06
2019-01-08,7.140672e+06
2019-01-09,5.86336e+06
2019-01-10,1.067968e+07
2019-01-11,1.0699712e+07
2019-01-12,1.0339904e+07
2019-01-13,8.898816e+06
2019-01-14,9.931648e+06
2019-01-15,7.421824e+06
2019-01-16,9.423936e+06
2019-01-17,7.192e+06
2019-01-18,1.0294848e+07
2019-01-19,1.1607232e+07
2019-01-20,1.098048e+07
2019-01-21,1.1683584e+07
2019-01-22,1.1411904e+07
2019-01-23,1.1594752e+07
2019-01-24,1.0460352e+07
2019-01-25,8.17056e+06
2019-01-26,1.0163584e+07
2019-01-27,1.0282048e+07
2019-01-28,7.849216e+06
2019-01-29,7.412416e+06
2019-01-30,1.0391744e+07
2019-01-31,1.1182528e+07
2019-02-01,9.326464e+06
2019-02-02,5.79968e+06
2019-02-03,1.2534336e+07
2019-02-04,1.3937088e+07
2019-02-05,1.349984e+07
2019-02-06,1.4209792e+07
2019-02-07,9.21792e+06
2019-02-08,9.752064e+06
2019-02-09,1.2009792e+07
2019-02-10,1.2200768e+07
2019-02-11,1.0330048e+07
2019-02-12,1.4762368e+07
2019-02-13,1.5121664e+07
2019-02-14,1.5243328e+07
2019-02-15,9.450816e+06
2019-02-16,1.2374592e+07
2019-02-17,1.4886528e+07
2019-02-18,1.3346944e+07
2019-02-19,1.616448e+07
2019-02-20,1.675584e+07
2019-02-21,1.6479616e+07
2019-02-22,1.6233856e+07
2019-02-23,1.6445248e+07
2019-02-24,1.689536e+07
2019-02-25,1.6080576e+07
2019-02-26,1.6698816e+07
2019-02-27,8.590144e+06
2019-02-28,5.965632e+06
2019-03-01,1.7794176e+07
2019-03-02,1.6821248e+07
2019-03-03,1.3638528e+07
2019-03-04,1.347904e+07
2019-03-05,1.7528576e+07
2019-03-06,1.9199552e+07
2019-03-07,1.5955328e+07
2019-03-08,1.623264e+07
2019-03-09,1.9682624e+07
2019-03-10,1.8363264e+07
2019-03-11,1.9595584e+07
2019-03-12,1.91328e+07
2019-03-13,1.4530816e+07
2019-03-14,1.4080512e+07
2019-03-15,9.733952e+06
2019-03-16,1.3108544e+07
2019-03-17,5.592704e+06
2019-03-18,1.3042176e+07
2019-03-19,1.4821376e+07
2019-03-20,1.540096e+07
2019-03-21,1.8942272e+07
2019-03-22,2.027904e+07
2019-03-23,1.9316928e+07
2019-03-24,7.663552e+06
2019-03-25,1.1915072e+07
2019-03-26,1.104e+07
2019-03-27,1.4426944e+07
2019-03-28,1.3955264e+07
2019-03-29,1.1398976e+07
2019-03-30,9.777344e+06
2019-03-31,1.2001088e+07
2019-04-01,1.5345856e+07
2019-04-02,1.4746624e+07
2019-04-03,1.7546432e+07
2019-04-04,2.0212224e+07
2019-04-05,2.2099008e+07
2019-04-06,1.0288064e+07
2019-04-07,1.8040384e+07
2019-04-08,2.054176e+07
2019-04-09,2.3862656e+07
2019-04-10,2.2010176e+07
2019-04-11,2.2872576e+07
2019-04-12,2.5494336e+07
2019-04-13,2.4540032e+07
2019-04-14,2.5301696e+07
2019-04-15,2.4011008e+07
2019-04-16,1.5820672e+07
2019-04-17,1.30496e+07
2019-04-18,1.9321408e+07
2019-04-19,1.7761472e+07
2019-04-20,1.424128e+07
2019-04-21,2.0790464e+07
2019-04-22,1.79152e+07
2019-04-23,2.0887616e+07
2019-04-24,2.2122112e+07
2019-04-25,2.5210688e+07
2019-04-26,2.7203264e+07
2019-04-27,2.7783168e+07
2019-04-28,2.671456e+07
2019-04-29,2.3366912e+07
2019-04-30,2.6180416e+07
2019-05-01,2.7214464e+07
2019-05-02,2.4438016e+07
2019-05-03,2.5281344e+07
2019-05-04,1.091488e+07
2019-05-05,2.0060032e+07
2019-05-06,2.6731328e+07
2019-05-07,2.0384192e+07
2019-05-08,2.632384e+07
2019-05-09,2.537632e+07
2019-05-10,2.264512e+07
2019-05-11,2.5170944e+07
2019-05-12,2.5893568e+07
2019-05-13,2.695936e+07
2019-05-14,2.8272896e+07
2019-05-15,2.960544e+07
2019-05-16,2.8232192e+07
2019-05-17,2.565664e+07
2019-05-18,2.5734208e+07
2019-05-19,2.6263168e+07
2019-05-20,2.5032256e+07
2019-05-21,1.950816e+07
2019-05-22,2.0723072e+07
2019-05-23,2.277504e+07
2019-05-24,2.2659776e+07
2019-05-25,2.4709312e+07
2019-05-26,2.7823552e+07
2019-05-27,2.9927168e+07
2019-05-28,2.5958592e+07
2019-05-29,2.821984e+07
2019-05-30,2.83536e+07
2019-05-31,2.866752e+07
2019-06-01,2.9275072e+07
2019-06-02,2.767744e+07
2019-06-03,2.6371328e+07
2019-06-04,2.6616256e+07
2019-06-05,2.671008e+07
2019-06-06,2.7461056e+07
2019-06-07,2.1641408e+07
2019-06-08,2.37488e+07
2019-06-09,2.664384e+07
2019-06-10,1.9453248e+07
2019-06-11,2.5277248e+07
2019-06-12,2.7401408e+07
2019-06-13,2.762048e+07
2019-06-14,2.6736704e+07
2019-06-15,2.743104e+07
2019-06-16,2.8003264e+07
2019-06-17,2.7322688e+07
2019-06-18,2.7429696e+07
2019-06-19,2.5439168e+07
2019-06-20,2.5429184e+07
2019-06-21,2.5983552e+07
2019-06-22,2.671328e+07
2019-06-23,2.7844224e+07
2019-06-24,2.5372672e+07
2019-06-25,2.734688e+07
2019-06-26,2.6352064e+07
2019-06-27,2.5670464e+07
2019-06-28,2.5710272e+07
2019-06-29,2.5097728e+07
2019-06-30,2.0066304e+07
2019-07-01,2.5675968e+07
2019-07-02,3.0835072e+07
2019-07-03,2.9625536e+07
2019-07-04,2.7367296e+07
2019-07-05,2.5683904e+07
2019-07-06,2.4800256e+07
2019-07-07,2.4052992e+07
2019-07-08,2.5598912e+07
2019-07-09,2.319424e+07
2019-07-10,2.69696e+07
2019-07-11,2.6661056e+07
2019-07-12,2.8769536e+07
2019-07-13,2.7488896e+07
2019-07-14,2.8240256e+07
2019-07-15,2.9705216e+07
2019-07-16,2.7733888e+07
2019-07-17,2.5851136e+07
2019-07-18,2.8149696e+07
2019-07-19,2.4575232e+07
2019-07-20,2.7395776e+07
2019-07-21,2.7518528e+07
2019-07-22,2.5754752e+07
2019-07-23,2.4525248e+07
2019-07-24,2.4034304e+07
2019-07-25,2.944672e+07
2019-07-26,2.4660224e+07
2019-07-27,2.6645184e+07
2019-07-28,2.472416e+07
2019-07-29,2.654368e+07
2019-07-30,2.8884992e+07
2019-07-31,2.8765824e+07
2019-08-01,2.787136e+07
2019-08-02,2.2978944e+07
2019-08-03,2.3029824e+07
2019-08-04,2.6094336e+07
2019-08-05,2.7067776e+07
2019-08-06,2.192096e+07
2019-08-07,2.3798784e+07
2019-08-08,2.553728e+07
2019-08-09,2.3852352e+07
2019-08-10,2.577472e+07
2019-08-11,2.5617792e+07
2019-08-12,2.6111232e+07
2019-08-13,2.6814976e+07
2019-08-14,2.6604288e+07
2019-08-15,2.6320448e+07
2019-08-16,2.5782656e+07
2019-08-17,2.2289152e+07
2019-08-18,2.165888e+07
2019-08-19,2.4748544e+07
2019-08-20,2.4828288e+07
2019-08-21,2.6033472e+07
2019-08-22,2.5139904e+07
2019-08-23,2.478464e+07
2019-08-24,2.3367488e+07
2019-08-25,2.229632e+07
2019-08-26,2.1450432e+07
2019-08-27,2.191968e+07
2019-08-28,2.2597248e+07
2019-08-29,2.2186816e+07
2019-08-30,2.0246464e+07
2019-08-31,1.7974016e+07
2019-09-01,1.7453568e+07
2019-09-02,1.8371584e+07
2019-09-03,2.1485376e+07
2019-09-04,2.0851584e+07
2019-09-05,1.843488e+07
2019-09-06,2.0016576e+07
2019-09-07,1.9832512e+07
2019-09-08,1.6529152e+07
2019-09-09,1.160512e+07
2019-09-10,1.3356992e+07
2019-09-11,1.4719744e+07
2019-09-12,1.365312e+07
2019-09-13,1.5822016e+07
2019-09-14,2.082592e+07
2019-09-15,1.9830144e+07
2019-09-16,1.8266752e+07
2019-09-17,1.9890432e+07
2019-09-18,2.0766976e+07
2019-09-19,2.0712256e+07
2019-09-20,2.0662528e+07
2019-09-21,2.0117952e+07
2019-09-22,2.0919616e+07
2019-09-23,2.0318912e+07
2019-09-24,2.0058048e+07
2019-09-25,1.9737792e+07
2019-09-26,1.709856e+07
2019-09-27,1.8735552e+07
2019-09-28,1.4391424e+07
2019-09-29,1.8302848e+07
2019-09-30,1.8936128e+07
2019-10-01,1.8628672e+07
2019-10-02,1.8572096e+07
2019-10-03,1.792896e+07
2019-10-04,1.611008e+07
2019-10-05,1.7705856e+07
2019-10-06,1.7537088e+07
2019-10-07,1.377152e+07
2019-10-08,1.7357056e+07
2019-10-09,1.6218624e+07
2019-10-10,1.65136e+07
2019-10-11,1.69104e+07
2019-10-12,1.413376e+07
2019-10-13,1.6936192e+07
2019-10-14,1.674176e+07
2019-10-15,1.6658752e+07
2019-10-16,1.6365312e+07
2019-10-17,1.5928384e+07
2019-10-18,1.5273152e+07
2019-10-19,1.4478336e+07
2019-10-20,1.182464e+07
2019-10-21,8.117312e+06
2019-10-22,1.084704e+07
2019-10-23,1.1729856e+07
2019-10-24,1.3434112e+07
2019-10-25,1.3737088e+07
2019-10-26,1.3056704e+07
2019-10-27,1.330048e+07
2019-10-28,1.3511488e+07
2019-10-29,1.3298944e+07
2019-10-30,1.1489152e+07
2019-10-31,1.3124736e+07
2019-11-01,1.0979584e+07
2019-11-02,5.137024e+06
2019-11-03,1.351712e+07
2019-11-04,1.3288384e+07
2019-11-05,1.231808e+07
2019-11-06,1.2903552e+07
2019-11-07,1.26816e+07
2019-11-08,1.2679488e+07
2019-11-09,1.2604864e+07
2019-11-10,1.25856e+07
2019-11-11,1.2417792e+07
2019-11-12,1.2342144e+07
2019-11-13,1.1231872e+07
2019-11-14,1.1934912e+07
2019-11-15,1.1680448e+07
2019-11-16,1.0582592e+07
2019-11-17,1.1330176e+07
2019-11-18,1.1377088e+07
2019-11-19,1.1265984e+07
2019-11-20,1.12752e+07
2019-11-21,1.0443456e+07
2019-11-22,9.126464e+06
2019-11-23,1.0563776e+07
2019-11-24,9.80864e+06
2019-11-25,7.585344e+06
2019-11-26,1.0230208e+07
2019-11-27,7.986176e+06
2019-11-28,5.715328e+06
2019-11-29,8.291456e+06
2019-11-30,3.657536e+06
2019-12-01,4.912064e+06
2019-12-02,3.670144e+06
2019-12-03,8.642368e+06
2019-12-04,7.937024e+06
2019-12-05,5.513664e+06
2019-12-06,6.283264e+06
2019-12-07,8.631744e+06
2019-12-08,5.379072e+06
2019-12-09,8.330304e+06
2019-12-10,7.368704e+06
2019-12-11,8.098816e+06
2019-12-12,8.67168e+06
2019-12-13,5.751552e+06
2019-12-14,7.165888e+06
2019-12-15,6.477824e+06
2019-12-16,7.079424e+06
2019-12-17,9.04416e+06
2019-12-18,9.046528e+06
2019-12-19,9.130752e+06
2019-12-20,9.205312e+06
2019-12-21,8.955904e+06
2019-12-22,8.427328e+06
2019-12-23,7.988608e+06
2019-12-24,8.631424e+06
2019-12-25,8.734272e+06
2019-12-26,8.101952e+06
2019-12-27,5.17792e+06
2019-12-28,7.68928e+06
2019-12-29,8.684736e+06
2019-12-30,9.10848e+06
2019-12-31,8.816576e+06
2020-01-01,8.122176e+06
2020-01-02,8.465344e+06
2020-01-03,6.613952e+06
2020-01-04,6.295296e+06
2020-01-05,7.743936e+06
2020-01-06,9.80192e+06
2020-01-07,9.095616e+06
2020-01-08,8.208128e+06
2020-01-09,8.699584e+06
2020-01-10,9.17824e+06
2020-01-11,9.956352e+06
2020-01-12,7.065472e+06
2020-01-13,8.408704e+06
2020-01-14,1.0636288e+07
2020-01-15,1.0150912e+07
2020-01-16,9.585088e+06
2020-01-17,1.0801728e+07
2020-01-18,1.113344e+07
2020-01-19,9.03808e+06
2020-01-20,1.0295936e+07
2020-01-21,1.1264704e+07
2020-01-22,1.158656e+07
2020-01-23,1.0537856e+07
2020-01-24,8.00224e+06
2020-01-25,1.2035072e+07
2020-01-26,1.2177088e+07
2020-01-27,1.2214272e+07
2020-01-28,1.1603648e+07
2020-01-29,1.07632e+07
2020-01-30,9.873664e+06
2020-01-31,7.827008e+06
2020-02-01,8.03232e+06
2020-02-02,1.2876224e+07
2020-02-03,1.3382784e+07
2020-02-04,6.739584e+06
2020-02-05,6.25248e+06
2020-02-06,1.2517696e+07
2020-02-07,9.777728e+06
2020-02-08,1.0549376e+07
2020-02-09,1.1552e+07
2020-02-10,1.2249088e+07
2020-02-11,1.5463424e+07
2020-02-12,1.243936e+07
2020-02-13,8.462976e+06
2020-02-14,1.4841792e+07
2020-02-15,1.3438656e+07
2020-02-16,1.4939392e+07
2020-02-17,9.6144e+06
2020-02-18,1.4372672e+07
2020-02-19,1.5332544e+07
2020-02-20,1.0674816e+07
2020-02-21,1.4359744e+07
2020-02-22,1.2326848e+07
2020-02-23,1.4131072e+07
2020-02-24,1.5243904e+07
2020-02-25,7.484864e+06
2020-02-26,1.8033088e+07
2020-02-27,1.802176e+07
2020-02-28,1.662016e+07
2020-02-29,1.2260736e+07
2020-03-01,1.340576e+07
2020-03-02,1.3757568e+07
2020-03-03,1.8179584e+07
2020-03-04,1.8618496e+07
2020-03-05,1.7903296e+07
2020-03-06,1.4089792e+07
2020-03-07,1.3193792e+07
2020-03-08,1.8429248e+07
2020-03-09,1.9498688e+07
2020-03-10,1.9611136e+07
2020-03-11,1.957568e+07
2020-03-12,1.921344e+07
2020-03-13,1.1647488e+07
2020-03-14,7.584832e+06
2020-03-15,1.6918016e+07
2020-03-16,1.1812032e+07
2020-03-17,1.1211136e+07
2020-03-18,7.862656e+06
2020-03-19,1.8079936e+07
2020-03-20,1.5709504e+07
2020-03-21,1.7399232e+07
2020-03-22,1.814272e+07
2020-03-23,2.2405696e+07
2020-03-24,2.1118208e+07
2020-03-25,1.8921792e+07
2020-03-26,1.73584e+07
2020-03-27,1.8703616e+07
2020-03-28,1.3465024e+07
2020-03-29,8.639104e+06
2020-03-30,1.81552e+07
2020-03-31,1.7356544e+07
2020-04-01,1.31104e+07
2020-04-02,1.7150784e+07
2020-04-03,2.164352e+07
2020-04-04,6.541376e+06
2020-04-05,2.3040832e+07
2020-04-06,1.7891264e+07
2020-04-07,1.2486144e+07
2020-04-08,2.4848576e+07
2020-04-09,2.5023168e+07
2020-04-10,1.6733056e+07
2020-04-11,1.0787904e+07
2020-04-12,2.279136e+07
2020-04-13,2.5660928e+07
2020-04-14,2.6307712e+07
2020-04-15,2.6177536e+07
2020-04-16,1.940192e+07
2020-04-17,2.4712384e+07
2020-04-18,2.554976e+07
2020-04-19,2.2586688e+07
2020-04-20,2.285312e+07
2020-04-21,1.8932288e+07
2020-04-22,1.985088e+07
2020-04-23,1.3861952e+07
2020-04-24,1.6556288e+07
2020-04-25,1.0940224e+07
2020-04-26,1.8320832e+07
2020-04-27,2.6042176e+07
2020-04-28,2.336352e+07
2020-04-29,2.2526656e+07
2020-04-30,2.4449408e+07
2020-05-01,2.5236736e+07
2020-05-02,2.0875136e+07
2020-05-03,2.404928e+07
2020-05-04,2.0660928e+07
2020-05-05,1.9917376e+07
2020-05-06,1.4768832e+07
2020-05-07,1.3999232e+07
2020-05-08,2.5294336e+07
2020-05-09,1.6640512e+07
2020-05-10,1.0541568e+07
2020-05-11,2.5414848e+07
2020-05-12,2.8997632e+07
2020-05-13,2.3867136e+07
2020-05-14,2.5414272e+07
2020-05-15,2.7424256e+07
2020-05-16,2.6251776e+07
2020-05-17,2.7819776e+07
2020-05-18,2.7732992e+07
2020-05-19,2.951328e+07
2020-05-20,2.9473792e+07
2020-05-21,2.8978304e+07
2020-05-22,2.7354816e+07
2020-05-23,2.5786944e+07
2020-05-24,2.1020032e+07
2020-05-25,1.7784576e+07
2020-05-26,2.9823296e+07
2020-05-27,2.8966848e+07
2020-05-28,2.7578304e+07
2020-05-29,2.5016384e+07
2020-05-30,2.9308992e+07
2020-05-31,3.06064e+07
2020-06-01,2.9432576e+07
2020-06-02,2.4958528e+07
2020-06-03,2.4234368e+07
2020-06-04,2.874304e+07
2020-06-05,2.890912e+07
2020-06-06,2.7529344e+07
2020-06-07,3.0308416e+07
2020-06-08,2.9251264e+07
2020-06-09,2.789984e+07
2020-06-10,2.6216704e+07
2020-06-11,2.4670016e+07
2020-06-12,2.4758208e+07
2020-06-13,2.905696e+07
2020-06-14,2.9206848e+07
2020-06-15,2.6655744e+07
2020-06-16,2.9479232e+07
2020-06-17,2.5361088e+07
2020-06-18,2.7273984e+07
2020-06-19,2.5366592e+07
2020-06-20,2.5422656e+07
2020-06-21,2.6342912e+07
2020-06-22,2.3087424e+07
2020-06-23,2.6957952e+07
2020-06-24,2.7540288e+07
2020-06-25,2.6009792e+07
2020-06-26,2.4763392e+07
2020-06-27,2.13984e+07
2020-06-28,1.9769216e+07
2020-06-29,3.0676416e+07
2020-06-30,2.5398464e+07
2020-07-01,2.1088448e+07
2020-07-02,2.7370944e+07
2020-07-03,2.6503552e+07
2020-07-04,2.6414912e+07
2020-07-05,2.470272e+07
2020-07-06,2.8941184e+07
2020-07-07,2.7602944e+07
2020-07-08,2.716064e+07
2020-07-09,2.4093056e+07
2020-07-10,2.3577024e+07
2020-07-11,2.1162496e+07
2020-07-12,2.1057152e+07
2020-07-13,2.3505856e+07
2020-07-14,2.3463232e+07
2020-07-15,2.5397376e+07
2020-07-16,2.6670976e+07
2020-07-17,2.5052864e+07
2020-07-18,2.7714432e+07
2020-07-19,2.746528e+07
2020-07-20,2.6621696e+07
2020-07-21,2.283232e+07
2020-07-22,2.1012864e+07
2020-07-23,2.1592e+07
2020-07-24,2.5342656e+07
2020-07-25,2.6625344e+07
2020-07-26,2.779968e+07
2020-07-27,2.8281024e+07
2020-07-28,2.3865088e+07
2020-07-29,2.4473088e+07
2020-07-30,2.337728e+07
2020-07-31,2.3262592e+07
2020-08-01,2.4524096e+07
2020-08-02,2.5250304e+07
2020-08-03,2.1200128e+07
2020-08-04,2.4031744e+07
2020-08-05,2.4930304e+07
2020-08-06,2.6007872e+07
2020-08-07,2.4303744e+07
2020-08-08,2.5671424e+07
2020-08-09,2.4485632e+07
2020-08-10,2.6324544e+07
2020-08-11,2.1747328e+07
2020-08-12,2.3331328e+07
2020-08-13,2.1622016e+07
2020-08-14,2.067008e+07
2020-08-15,2.2164416e+07
2020-08-16,1.9992832e+07
2020-08-17,1.7130368e+07
2020-08-18,2.0902272e+07
2020-08-19,2.3694208e+07
2020-08-20,2.4373504e+07
2020-08-21,2.3209664e+07
2020-08-22,1.821056e+07
2020-08-23,1.2398016e+07
2020-08-24,2.0051008e+07
2020-08-25,2.5796928e+07
2020-08-26,2.5308544e+07
2020-08-27,2.3927616e+07
2020-08-28,2.345376e+07
2020-08-29,2.2626944e+07
2020-08-30,2.3408704e+07
2020-08-31,2.327104e+07
2020-09-01,2.319136e+07
2020-09-02,2.2415168e+07
2020-09-03,1.7219968e+07
2020-09-04,2.2024704e+07
2020-09-05,2.270304e+07
2020-09-06,2.1744448e+07
2020-09-07,2.170752e+07
2020-09-08,1.9760256e+07
2020-09-09,1.9360256e+07
2020-09-10,1.9565888e+07
2020-09-11,2.0960064e+07
2020-09-12,1.9662464e+07
2020-09-13,1.9790976e+07
2020-09-14,2.001088e+07
2020-09-15,1.94368e+07
2020-09-16,1.9427008e+07
2020-09-17,1.9180224e+07
2020-09-18,1.988512e+07
2020-09-19,1.868672e+07
2020-09-20,1.9747456e+07
2020-09-21,1.6692288e+07
2020-09-22,1.7705152e+07
2020-09-23,1.652608e+07
2020-09-24,1.8227456e+07
2020-09-25,1.7857472e+07
2020-09-26,1.7437696e+07
2020-09-27,1.6391232e+07
2020-09-28,1.584192e+07
2020-09-29,1.425408e+07
2020-09-30,1.7006976e+07
2020-10-01,1.8047552e+07
2020-10-02,1.6673984e+07
2020-10-03,1.656288e+07
2020-10-04,1.384416e+07
2020-10-05,1.0722944e+07
2020-10-06,6.465408e+06
2020-10-07,1.2094272e+07
2020-10-08,1.5712128e+07
2020-10-09,1.7344256e+07
2020-10-10,1.7416704e+07
2020-10-11,1.7012096e+07
2020-10-12,1.6678336e+07
2020-10-13,1.6570816e+07
2020-10-14,1.6452352e+07
2020-10-15,1.5509632e+07
2020-10-16,1.5724352e+07
2020-10-17,1.57888e+07
2020-10-18,1.5663424e+07
2020-10-19,1.5532416e+07
2020-10-20,1.4189504e+07
2020-10-21,1.2192128e+07
2020-10-22,1.4993216e+07
2020-10-23,1.4881984e+07
2020-10-24,1.4648832e+07
2020-10-25,1.38384e+07
2020-10-26,1.348416e+07
2020-10-27,1.4283072e+07
2020-10-28,1.3594112e+07
2020-10-29,1.340768e+07
2020-10-30,1.3089216e+07
2020-10-31,1.1550912e+07
2020-11-01,1.3330432e+07
2020-11-02,1.0202112e+07
2020-11-03,1.1280256e+07
2020-11-04,1.1400384e+07
2020-11-05,9.74816e+06
2020-11-06,6.102528e+06
2020-11-07,1.02768e+07
2020-11-08,1.2072064e+07
2020-11-09,1.2443392e+07
2020-11-10,1.1834752e+07
2020-11-11,1.0175488e+07
2020-11-12,9.381056e+06
2020-11-13,1.123936e+07
2020-11-14,1.1761408e+07
2020-11-15,1.0397632e+07
2020-11-16,9.01952e+06
2020-11-17,9.649472e+06
2020-11-18,1.0180672e+07
2020-11-19,7.25536e+06
2020-11-20,7.707328e+06
2020-11-21,6.309888e+06
2020-11-22,1.068448e+07
2020-11-23,1.0480832e+07
2020-11-24,1.0523584e+07
2020-11-25,9.118016e+06
2020-11-26,9.835264e+06
2020-11-27,1.0381056e+07
2020-11-28,1.0166912e+07
2020-11-29,5.442816e+06
2020-11-30,8.034944e+06
2020-12-01,6.906048e+06
2020-12-02,8.507584e+06
2020-12-03,7.403136e+06
2020-12-04,8.722048e+06
2020-12-05,8.08512e+06
2020-12-06,7.95584e+06
2020-12-07,6.594496e+06
2020-12-08,6.659008e+06
2020-12-09,3.97984e+06
2020-12-10,6.898496e+06
2020-12-11,8.316544e+06
2020-12-12,8.779392e+06
2020-12-13,6.514496e+06
2020-12-14,6.933504e+06
2020-12-15,6.7296e+06
2020-12-16,3.032576e+06
2020-12-17,6.789696e+06
2020-12-18,8.833088e+06
2020-12-19,9.014784e+06
2020-12-20,7.437888e+06
2020-12-21,8.495936e+06
2020-12-22,6.1488e+06
2020-12-23,4.25472e+06
2020-12-24,6.609216e+06
2020-12-25,9.645696e+06
2020-12-26,9.392064e+06
2020-12-27,9.680512e+06
2020-12-28,9.873536e+06
2020-12-29,9.144576e+06
2020-12-30,9.892352e+06
2020-12-31,9.811008e+06
2021-01-01,9.81568e+06
2021-01-02,9.381632e+06
2021-01-03,9.097664e+06
2021-01-04,9.63968e+06
2021-01-05,1.0110976e+07
2021-01-06,8.088e+06
2021-01-07,9.467392e+06
2021-01-08,8.387712e+06
2021-01-09,9.940736e+06
2021-01-10,1.0007808e+07
2021-01-11,8.184512e+06
2021-01-12,6.853056e+06
2021-01-13,8.19808e+06
2021-01-14,7.935936e+06
2021-01-15,7.617856e+06
2021-01-16,7.127872e+06
2021-01-17,9.252224e+06
2021-01-18,8.320128e+06
2021-01-19,4.565184e+06
2021-01-20,9.501952e+06
2021-01-21,1.2160384e+07
2021-01-22,1.2501504e+07
2021-01-23,1.269536e+07
2021-01-24,1.2409856e+07
2021-01-25,1.2353024e+07
2021-01-26,1.2395904e+07
2021-01-27,1.2048064e+07
2021-01-28,9.658048e+06
2021-01-29,9.483328e+06
2021-01-30,5.37184e+06
2021-01-31,7.258368e+06
2021-02-01,1.2633344e+07
2021-02-02,1.3417664e+07
2021-02-03,1.3586816e+07
2021-02-04,1.2306688e+07
2021-02-05,1.0226944e+07
2021-02-06,1.3781888e+07
2021-02-07,1.3817088e+07
2021-02-08,1.2711296e+07
2021-02-09,1.2347648e+07
2021-02-10,1.2876096e+07
2021-02-11,1.4384896e+07
2021-02-12,1.5021376e+07
2021-02-13,1.286432e+07
2021-02-14,1.365408e+07
2021-02-15,1.38464e+07
2021-02-16,1.0422144e+07
2021-02-17,4.502976e+06
2021-02-18,1.0520832e+07
2021-02-19,1.4320448e+07
2021-02-20,1.0008768e+07
2021-02-21,1.3549248e+07
2021-02-22,1.6484032e+07
2021-02-23,1.3975168e+07
2021-02-24,1.6899136e+07
2021-02-25,1.5490112e+07
2021-02-26,1.7088512e+07
2021-02-27,1.7396864e+07
2021-02-28,1.7604096e+07
2021-03-01,8.122432e+06
2021-03-02,1.5998656e+07
2021-03-03,1.4620416e+07
2021-03-04,1.8563776e+07
2021-03-05,1.6981248e+07
2021-03-06,1.9392064e+07
2021-03-07,1.61968e+07
2021-03-08,1.2285568e+07
2021-03-09,1.944896e+07
2021-03-10,1.6917184e+07
2021-03-11,8.101632e+06
2021-03-12,8.96128e+06
2021-03-13,2.103584e+07
2021-03-14,2.0067584e+07
2021-03-15,1.551296e+07
2021-03-16,1.4957696e+07
2021-03-17,1.776064e+07
2021-03-18,1.9277888e+07
2021-03-19,1.8145152e+07
2021-03-20,1.499744e+07
2021-03-21,1.4172288e+07
2021-03-22,1.5863168e+07
2021-03-23,1.3774592e+07
2021-03-24,1.2055872e+07
2021-03-25,1.931712e+07
2021-03-26,1.8277696e+07
2021-03-27,1.1372992e+07
2021-03-28,2.4102528e+07
2021-03-29,2.3850752e+07
2021-03-30,2.403616e+07
2021-03-31,2.3317248e+07
2021-04-01,2.1163392e+07
2021-04-02,2.1748736e+07
2021-04-03,1.998752e+07
2021-04-04,2.26416e+07
2021-04-05,2.0027904e+07
2021-04-06,1.811488e+07
2021-04-07,2.3874624e+07
2021-04-08,2.3683904e+07
2021-04-09,2.2656576e+07
2021-04-10,2.1638336e+07
2021-04-11,1.2130496e+07
2021-04-12,2.2300288e+07
2021-04-13,1.7277504e+07
2021-04-14,2.2498048e+07
2021-04-15,2.5348928e+07
2021-04-16,2.5476544e+07
2021-04-17,2.5078848e+07
2021-04-18,2.0862336e+07
2021-04-19,2.1807936e+07
2021-04-20,1.929888e+07
2021-04-21,2.2568768e+07
2021-04-22,2.4086208e+07
2021-04-23,2.7298176e+07
2021-04-24,2.6780672e+07
2021-04-25,2.6088e+07
2021-04-26,1.9912256e+07
2021-04-27,1.9896704e+07
2021-04-28,2.2893632e+07
2021-04-29,2.3541632e+07
2021-04-30,2.595552e+07
2021-05-01,6.529984e+06
2021-05-02,1.9750912e+07
2021-05-03,2.4620544e+07
2021-05-04,2.3754368e+07
2021-05-05,1.5607424e+07
2021-05-06,2.6397376e+07
2021-05-07,1.3668416e+07
2021-05-08,2.5604544e+07
2021-05-09,2.457056e+07
2021-05-10,2.794112e+07
2021-05-11,2.4890048e+07
2021-05-12,2.7426688e+07
2021-05-13,2.7750272e+07
2021-05-14,2.5058624e+07
2021-05-15,2.6005568e+07
2021-05-16,2.6669376e+07
2021-05-17,2.3072704e+07
2021-05-18,2.8277952e+07
2021-05-19,2.8549952e+07
2021-05-20,2.8943488e+07
2021-05-21,2.8752448e+07
2021-05-22,2.5372864e+07
2021-05-23,2.2192832e+07
2021-05-24,2.3604928e+07
2021-05-25,2.2441792e+07
2021-05-26,1.899616e+07
2021-05-27,2.8685056e+07
2021-05-28,2.717792e+07
2021-05-29,2.6912e+07
2021-05-30,2.9111936e+07
2021-05-31,2.9550336e+07
2021-06-01,2.8872448e+07
2021-06-02,2.8920384e+07
2021-06-03,3.0151808e+07
2021-06-04,2.9027264e+07
2021-06-05,2.5199488e+07
2021-06-06,2.624096e+07
2021-06-07,2.8713088e+07
2021-06-08,2.8170112e+07
2021-06-09,2.8057536e+07
2021-06-10,2.8276416e+07
2021-06-11,2.7814784e+07
2021-06-12,2.666752e+07
2021-06-13,2.6836736e+07
2021-06-14,2.8935872e+07
2021-06-15,2.8892608e+07
2021-06-16,2.8282624e+07
2021-06-17,2.8837248e+07
2021-06-18,2.7222912e+07
2021-06-19,3.0064576e+07
2021-06-20,2.8987648e+07
2021-06-21,2.8065152e+07
2021-06-22,2.8369536e+07
2021-06-23,2.9575872e+07
2021-06-24,2.8731648e+07
2021-06-25,2.8864128e+07
2021-06-26,2.6325376e+07
2021-06-27,2.643104e+07
2021-06-28,2.5849152e+07
2021-06-29,2.4269184e+07
2021-06-30,2.597216e+07
2021-07-01,2.745408e+07
2021-07-02,2.65984e+07
2021-07-03,2.8721344e+07
2021-07-04,2.9292032e+07
2021-07-05,2.9107072e+07
2021-07-06,2.9618368e+07
2021-07-07,2.653536e+07
2021-07-08,2.572224e+07
2021-07-09,2.3512576e+07
2021-07-10,2.199968e+07
2021-07-11,2.7153216e+07
2021-07-12,2.6521984e+07
2021-07-13,2.5534976e+07
2021-07-14,2.4774848e+07
2021-07-15,1.7386816e+07
2021-07-16,2.016736e+07
2021-07-17,2.570592e+07
2021-07-18,2.6824512e+07
2021-07-19,2.593824e+07
2021-07-20,2.454976e+07
2021-07-21,2.4744768e+07
2021-07-22,2.15856e+07
2021-07-23,2.0481792e+07
2021-07-24,1.984992e+07
2021-07-25,2.2411072e+07
2021-07-26,2.5421312e+07
2021-07-27,2.56064e+07
2021-07-28,2.1091968e+07
2021-07-29,2.0214336e+07
2021-07-30,2.3243712e+07
2021-07-31,2.3606784e+07
2021-08-01,2.2757888e+07
2021-08-02,2.1087424e+07
2021-08-03,2.322432e+07
2021-08-04,2.3974272e+07
2021-08-05,2.5179968e+07
2021-08-06,2.6723776e+07
2021-08-07,2.2407872e+07
2021-08-08,2.458368e+07
2021-08-09,2.3342464e+07
2021-08-10,2.3441664e+07
2021-08-11,2.271808e+07
2021-08-12,2.5059328e+07
2021-08-13,2.3670848e+07
2021-08-14,2.2640064e+07
2021-08-15,2.4130624e+07
2021-08-16,2.3224768e+07
2021-08-17,2.4320064e+07
2021-08-18,2.4203712e+07
2021-08-19,2.4885952e+07
2021-08-20,2.2766592e+07
2021-08-21,2.2550208e+07
2021-08-22,2.292352e+07
2021-08-23,2.474688e+07
2021-08-24,2.1475904e+07
2021-08-25,2.238304e+07
2021-08-26,2.2603008e+07
2021-08-27,2.2204096e+07
2021-08-28,2.304928e+07
2021-08-29,2.3984192e+07
2021-08-30,2.3821632e+07
2021-08-31,2.3326208e+07
2021-09-01,2.3448832e+07
2021-09-02,2.3427264e+07
2021-09-03,2.0786368e+07
2021-09-04,2.1109568e+07
2021-09-05,2.1365632e+07
2021-09-06,2.1961536e+07
2021-09-07,1.8828096e+07
2021-09-08,1.892768e+07
2021-09-09,1.7723968e+07
2021-09-10,2.0725056e+07
2021-09-11,2.0929216e+07
2021-09-12,1.9871872e+07
2021-09-13,1.9910336e+07
2021-09-14,2.022496e+07
2021-09-15,2.0070272e+07
2021-09-16,2.0792576e+07
2021-09-17,1.6761472e+07
2021-09-18,1.8069184e+07
2021-09-19,1.9853952e+07
2021-09-20,1.8340416e+07
2021-09-21,2.008608e+07
2021-09-22,1.762816e+07
2021-09-23,1.6236928e+07
2021-09-24,1.4726592e+07
2021-09-25,1.7197568e+07
2021-09-26,1.96272e+07
2021-09-27,1.9405248e+07
2021-09-28,1.830688e+07
2021-09-29,1.8067136e+07
2021-09-30,1.5242176e+07
2021-10-01,1.0938752e+07
2021-10-02,1.3045568e+07
2021-10-03,1.6977536e+07
2021-10-04,1.4536128e+07
2021-10-05,9.25504e+06
2021-10-06,1.0740672e+07
2021-10-07,1.2757376e+07
2021-10-08,1.50256e+07
2021-10-09,1.710816e+07
2021-10-10,1.7219392e+07
2021-10-11,1.6866688e+07
2021-10-12,1.6798016e+07
2021-10-13,1.4702848e+07
2021-10-14,1.5864576e+07
2021-10-15,1.45872e+07
2021-10-16,1.5716288e+07
2021-10-17,1.55088e+07
2021-10-18,1.4217344e+07
2021-10-19,1.3737152e+07
2021-10-20,1.419616e+07
2021-10-21,1.505024e+07
2021-10-22,1.55152e+07
2021-10-23,1.5169344e+07
2021-10-24,1.507104e+07
2021-10-25,1.082528e+07
2021-10-26,1.401376e+07
2021-10-27,1.4752448e+07
2021-10-28,1.4647808e+07
2021-10-29,8.548928e+06
2021-10-30,1.0686016e+07
2021-10-31,6.522176e+06
2021-11-01,1.09888e+07
2021-11-02,1.1332864e+07
2021-11-03,1.0117056e+07
2021-11-04,9.094592e+06
2021-11-05,9.572096e+06
2021-11-06,1.2324992e+07
2021-11-07,1.2628224e+07
2021-11-08,1.2040768e+07
2021-11-09,1.203904e+07
2021-11-10,8.966272e+06
2021-11-11,4.075136e+06
2021-11-12,1.0271424e+07
2021-11-13,1.1773184e+07
2021-11-14,1.1765376e+07
2021-11-15,1.0089856e+07
2021-11-16,9.97248e+06
2021-11-17,1.1160256e+07
2021-11-18,1.0870336e+07
2021-11-19,1.0581248e+07
2021-11-20,1.049248e+07
2021-11-21,1.004736e+07
2021-11-22,1.0436608e+07
2021-11-23,1.0532928e+07
2021-11-24,9.205888e+06
2021-11-25,3.462528e+06
2021-11-26,3.342144e+06
2021-11-27,7.3376e+06
2021-11-28,5.810944e+06
2021-11-29,8.620224e+06
2021-11-30,8.526592e+06
2021-12-01,7.271872e+06
2021-12-02,9.934016e+06
2021-12-03,9.727168e+06
2021-12-04,9.67072e+06
2021-12-05,9.330176e+06
2021-12-06,9.47584e+06
2021-12-07,9.475328e+06
2021-12-08,9.00544e+06
2021-12-09,9.208192e+06
2021-12-10,7.925568e+06
2021-12-11,9.2528e+06
2021-12-12,9.300416e+06
2021-12-13,9.3616e+06
2021-12-14,8.131584e+06
2021-12-15,8.22496e+06
2021-12-16,8.767616e+06
2021-12-17,7.239616e+06
2021-12-18,7.273408e+06
2021-12-19,5.609984e+06
2021-12-20,6.635904e+06
2021-12-21,6.58816e+06
2021-12-22,9.37408e+06
2021-12-23,7.853248e+06
2021-12-24,9.669696e+06
2021-12-25,9.54688e+06
2021-12-26,9.440704e+06
2021-12-27,9.66848e+06
2021-12-28,9.685312e+06
2021-12-29,9.687872e+06
2021-12-30,9.594368e+06
2021-12-31,9.752512e+06
2022-01-01,8.146368e+06
2022-01-02,6.587264e+06
2022-01-03,9.735744e+06
2022-01-04,5.737536e+06
2022-01-05,9.826816e+06
2022-01-06,9.919296e+06
2022-01-07,9.965824e+06
2022-01-08,9.896256e+06
2022-01-09,1.0260032e+07
2022-01-10,5.84192e+06
2022-01-11,8.369344e+06
2022-01-12,6.782912e+06
2022-01-13,4.088512e+06
2022-01-14,1.0181248e+07
2022-01-15,1.030048e+07
2022-01-16,9.938944e+06
2022-01-17,1.1534976e+07
2022-01-18,1.1215872e+07
2022-01-19,7.715008e+06
2022-01-20,8.107648e+06
2022-01-21,1.1833088e+07
2022-01-22,1.1801856e+07
2022-01-23,1.1784576e+07
2022-01-24,1.050752e+07
2022-01-25,1.1435456e+07
2022-01-26,1.0730944e+07
2022-01-27,7.44608e+06
2022-01-28,1.165056e+07
2022-01-29,1.2158144e+07
2022-01-30,1.0138304e+07
2022-01-31,1.0477376e+07
2022-02-01,1.2727744e+07
2022-02-02,1.214144e+07
2022-02-03,1.2803968e+07
2022-02-04,1.0200192e+07
2022-02-05,1.2840576e+07
2022-02-06,1.2874944e+07
2022-02-07,1.3687744e+07
2022-02-08,1.2237184e+07
2022-02-09,1.0158016e+07
2022-02-10,5.768384e+06
2022-02-11,1.2556544e+07
2022-02-12,1.5125888e+07
2022-02-13,1.531904e+07
2022-02-14,1.3554048e+07
2022-02-15,1.3447872e+07
2022-02-16,1.2238656e+07
2022-02-17,1.4574016e+07
2022-02-18,1.5068096e+07
2022-02-19,1.570816e+07
2022-02-20,1.6518464e+07
2022-02-21,1.3135808e+07
2022-02-22,1.498208e+07
2022-02-23,1.4979584e+07
2022-02-24,1.67808e+07
2022-02-25,1.2701376e+07
2022-02-26,1.132992e+07
2022-02-27,1.5488832e+07
2022-02-28,1.4937024e+07
2022-03-01,1.1593152e+07
2022-03-02,1.1104512e+07
2022-03-03,7.516416e+06
2022-03-04,1.1994624e+07
2022-03-05,1.4458688e+07
2022-03-06,1.5888768e+07
2022-03-07,1.9301312e+07
2022-03-08,1.3545152e+07
2022-03-09,6.377792e+06
2022-03-10,1.6171648e+07
2022-03-11,1.4485824e+07
2022-03-12,1.8703232e+07
2022-03-13,1.430784e+07
2022-03-14,1.3308224e+07
2022-03-15,1.5722752e+07
2022-03-16,1.887264e+07
2022-03-17,1.9169344e+07
2022-03-18,1.5062976e+07
2022-03-19,1.5457472e+07
2022-03-20,1.24384e+07
2022-03-21,1.8677632e+07
2022-03-22,2.0593344e+07
2022-03-23,1.6146752e+07
2022-03-24,1.4990336e+07
2022-03-25,2.0900864e+07
2022-03-26,2.0123584e+07
2022-03-27,2.0643968e+07
2022-03-28,2.0409344e+07
2022-03-29,2.3567552e+07
2022-03-30,2.2335232e+07
2022-03-31,2.3405568e+07
2022-04-01,2.3765248e+07
2022-04-02,2.3830016e+07
2022-04-03,2.4050688e+07
2022-04-04,2.3837504e+07
2022-04-05,2.0098496e+07
2022-04-06,1.8860352e+07
2022-04-07,9.67648e+06
2022-04-08,1.6645566e+07
2022-04-09,1.5952448e+07
2022-04-10,2.4966016e+07
2022-04-11,2.4329088e+07
2022-04-12,2.393728e+07
2022-04-13,2.0383296e+07
2022-04-14,2.6496192e+07
2022-04-15,2.5914432e+07
2022-04-16,2.3899456e+07
2022-04-17,2.6418624e+07
2022-04-18,2.3907008e+07
2022-04-19,1.8709696e+07
2022-04-20,1.5403456e+07
2022-04-21,2.5915264e+07
2022-04-22,2.5704704e+07
2022-04-23,2.7043008e+07
2022-04-24,2.5575616e+07
2022-04-25,2.1541312e+07
2022-04-26,2.4156416e+07
2022-04-27,2.1469504e+07
2022-04-28,2.0725696e+07
2022-04-29,1.721728e+07
2022-04-30,2.0849088e+07
2022-05-01,1.8569152e+07
2022-05-02,9.656256e+06
2022-05-03,2.0754112e+07
2022-05-04,2.3538944e+07
2022-05-05,1.7540224e+07
2022-05-06,1.5812416e+07
2022-05-07,1.7510016e+07
2022-05-08,1.3111936e+07
2022-05-09,2.638848e+07
2022-05-10,2.21136e+07
2022-05-11,2.6711104e+07
2022-05-12,2.0800128e+07
2022-05-13,2.3541952e+07
2022-05-14,2.8574016e+07
2022-05-15,2.6222336e+07
2022-05-16,1.2122496e+07
2022-05-17,2.9151104e+07
2022-05-18,2.6143616e+07
2022-05-19,2.7070528e+07
2022-05-20,2.3445888e+07
2022-05-21,2.9778944e+07
2022-05-22,3.0230528e+07
2022-05-23,2.1694656e+07
2022-05-24,2.1488384e+07
2022-05-25,2.6385344e+07
2022-05-26,3.0191808e+07
2022-05-27,2.9043968e+07
2022-05-28,2.8423552e+07
2022-05-29,2.8239872e+07
2022-05-30,2.6108096e+07
2022-05-31,2.6536064e+07
2022-06-01,2.7155584e+07
2022-06-02,2.7967552e+07
2022-06-03,2.6346496e+07
2022-06-04,2.7974336e+07
2022-06-05,2.9070976e+07
2022-06-06,2.9563328e+07
2022-06-07,2.6275456e+07
2022-06-08,2.7090432e+07
2022-06-09,2.6422272e+07
2022-06-10,2.7097536e+07
2022-06-11,2.476128e+07
2022-06-12,2.522112e+07
2022-06-13,2.53296e+07
2022-06-14,2.3926976e+07
2022-06-15,2.7313408e+07
2022-06-16,2.7547008e+07
2022-06-17,2.7347456e+07
2022-06-18,2.5473856e+07
2022-06-19,2.8948608e+07
2022-06-20,2.6790784e+07
2022-06-21,2.8986752e+07
2022-06-22,2.2582912e+07
2022-06-23,2.8187392e+07
2022-06-24,2.4867712e+07
2022-06-25,2.4009856e+07
2022-06-26,2.0361088e+07
2022-06-27,2.4723968e+07
2022-06-28,2.698368e+07
2022-06-29,2.7917248e+07
2022-06-30,2.514208e+07
2022-07-01,2.690944e+07
2022-07-02,2.3039168e+07
2022-07-03,2.7077632e+07
2022-07-04,2.765312e+07
2022-07-05,2.6546112e+07
2022-07-06,2.990976e+07
2022-07-07,2.7037696e+07
2022-07-08,2.7274944e+07
2022-07-09,2.6683648e+07
2022-07-10,2.6864128e+07
2022-07-11,2.7662656e+07
2022-07-12,2.7498624e+07
2022-07-13,2.899008e+07
2022-07-14,2.7680192e+07
2022-07-15,2.953792e+07
2022-07-16,2.847104e+07
2022-07-17,2.69472e+07
2022-07-18,2.7769536e+07
2022-07-19,2.7229568e+07
2022-07-20,2.7545728e+07
2022-07-21,2.4752896e+07
2022-07-22,2.307136e+07
2022-07-23,2.6175744e+07
2022-07-24,2.5307072e+07
2022-07-25,2.6522304e+07
2022-07-26,2.5374528e+07
2022-07-27,2.5766336e+07
2022-07-28,2.746944e+07
2022-07-29,2.502368e+07
2022-07-30,2.6237504e+07
2022-07-31,2.2776256e+07
2022-08-01,2.480832e+07
2022-08-02,2.6121152e+07
2022-08-03,2.3312384e+07
2022-08-04,2.364736e+07
2022-08-05,2.3341184e+07
2022-08-06,2.3640128e+07
2022-08-07,2.177184e+07
2022-08-08,2.2976e+07
2022-08-09,2.20304e+07
2022-08-10,2.5182912e+07
2022-08-11,2.3561728e+07
2022-08-12,2.434144e+07
2022-08-13,2.5920704e+07
2022-08-14,2.6520192e+07
2022-08-15,2.6705472e+07
2022-08-16,2.5621376e+07
2022-08-17,2.4782464e+07
2022-08-18,2.5319872e+07
2022-08-19,2.384864e+07
2022-08-20,2.3868672e+07
2022-08-21,2.504864e+07
2022-08-22,2.3961024e+07
2022-08-23,2.337952e+07
2022-08-24,2.4508544e+07
2022-08-25,2.4714368e+07
2022-08-26,2.4776768e+07
2022-08-27,2.4447808e+07
2022-08-28,2.3961408e+07
2022-08-29,2.4071808e+07
2022-08-30,2.4085248e+07
2022-08-31,2.4307712e+07
2022-09-01,2.3938048e+07
2022-09-02,2.2666432e+07
2022-09-03,2.3197376e+07
2022-09-04,2.2571456e+07
2022-09-05,2.1928512e+07
2022-09-06,1.8862592e+07
2022-09-07,1.2243072e+07
2022-09-08,1.8563008e+07
2022-09-09,2.2250688e+07
2022-09-10,2.2447296e+07
2022-09-11,2.180928e+07
2022-09-12,2.1352192e+07
2022-09-13,2.1077376e+07
2022-09-14,1.8785408e+07
2022-09-15,2.0512064e+07
2022-09-16,2.081952e+07
2022-09-17,2.0229056e+07
2022-09-18,2.0427136e+07
2022-09-19,1.98912e+07
2022-09-20,2.0174016e+07
2022-09-21,1.7859136e+07
2022-09-22,1.6085376e+07
2022-09-23,1.7678208e+07
2022-09-24,1.5409664e+07
2022-09-25,2.011904e+07
2022-09-26,1.9702528e+07
2022-09-27,1.9668864e+07
2022-09-28,1.9299648e+07
2022-09-29,1.8788224e+07
2022-09-30,1.786176e+07
2022-10-01,1.5795008e+07
2022-10-02,1.7654848e+07
2022-10-03,1.7044032e+07
2022-10-04,1.7977536e+07
2022-10-05,1.7203456e+07
2022-10-06,1.7195072e+07
2022-10-07,1.7012928e+07
2022-10-08,1.6921344e+07
2022-10-09,9.489984e+06
2022-10-10,1.361856e+07
2022-10-11,1.5875392e+07
2022-10-12,1.6401408e+07
2022-10-13,1.2684544e+07
2022-10-14,9.458176e+06
2022-10-15,1.2722944e+07
2022-10-16,1.43936e+07
2022-10-17,1.3644864e+07
2022-10-18,1.2209216e+07
2022-10-19,1.4426624e+07
2022-10-20,1.3690688e+07
2022-10-21,6.068544e+06
2022-10-22,1.1651008e+07
2022-10-23,1.2820928e+07
2022-10-24,9.318848e+06
2022-10-25,1.4368768e+07
2022-10-26,1.4481408e+07
2022-10-27,1.3266496e+07
2022-10-28,1.3297984e+07
2022-10-29,1.4062272e+07
2022-10-30,1.3864832e+07
2022-10-31,1.3420928e+07
2022-11-01,1.2046336e+07
2022-11-02,1.3345728e+07
2022-11-03,1.243712e+07
2022-11-04,1.1617792e+07
2022-11-05,1.0877568e+07
2022-11-06,1.0530368e+07
2022-11-07,1.050528e+07
2022-11-08,8.939072e+06
2022-11-09,8.378304e+06
2022-11-10,9.759744e+06
2022-11-11,6.685696e+06
2022-11-12,1.159296e+07
2022-11-13,1.1755008e+07
2022-11-14,1.1318912e+07
2022-11-15,1.12704e+07
2022-11-16,8.692992e+06
2022-11-17,9.508864e+06
2022-11-18,9.825216e+06
2022-11-19,9.264576e+06
2022-11-20,1.0662848e+07
2022-11-21,8.40384e+06
2022-11-22,7.836736e+06
2022-11-23,1.0426304e+07
2022-11-24,1.0497664e+07
2022-11-25,7.83296e+06
2022-11-26,3.8512e+06
2022-11-27,6.611264e+06
2022-11-28,9.171008e+06
2022-11-29,8.81344e+06
2022-11-30,5.661952e+06
2022-12-01,5.243072e+06
2022-12-02,7.528256e+06
2022-12-03,3.413632e+06
2022-12-04,4.913728e+06
2022-12-05,6.92288e+06
2022-12-06,8.088768e+06
2022-12-07,7.116928e+06
2022-12-08,8.40192e+06
2022-12-09,9.425984e+06
2022-12-10,8.497024e+06
2022-12-11,9.372544e+06
2022-12-12,5.299264e+06
2022-12-13,6.904896e+06
2022-12-14,7.577472e+06
2022-12-15,8.21696e+06
2022-12-16,3.710016e+06
2022-12-17,9.03968e+06
2022-12-18,9.1056e+06
2022-12-19,8.894336e+06
2022-12-20,7.037056e+06
2022-12-21,6.714688e+06
2022-12-22,8.972224e+06
2022-12-23,8.111744e+06
2022-12-24,8.331392e+06
2022-12-25,9.124608e+06
2022-12-26,9.193152e+06
2022-12-27,7.625984e+06
2022-12-28,7.925056e+06
2022-12-29,9.006144e+06
2022-12-30,9.490304e+06
2022-12-31,9.601664e+06
2023-01-01,9.704832e+06
2023-01-02,9.488832e+06
2023-01-03,9.493376e+06
2023-01-04,9.772736e+06
2023-01-05,7.861568e+06
2023-01-06,9.599232e+06
2023-01-07,8.237376e+06
2023-01-08,7.9392e+06
2023-01-09,9.165248e+06
2023-01-10,1.0304256e+07
2023-01-11,1.0309696e+07
2023-01-12,1.0490176e+07
2023-01-13,9.423808e+06
2023-01-14,1.047776e+07
2023-01-15,1.0322432e+07
2023-01-16,1.0539456e+07
2023-01-17,9.616e+06
2023-01-18,1.0823872e+07
2023-01-19,1.0801792e+07
2023-01-20,1.1094272e+07
2023-01-21,1.1318464e+07
2023-01-22,1.1068288e+07
2023-01-23,1.1774272e+07
2023-01-24,1.195776e+07
2023-01-25,1.210144e+07
2023-01-26,1.2191744e+07
2023-01-27,1.2344512e+07
2023-01-28,6.301312e+06
2023-01-29,7.277312e+06
2023-01-30,1.0620288e+07
2023-01-31,8.784256e+06
2023-02-01,9.505792e+06
2023-02-02,6.4432e+06
2023-02-03,1.2310272e+07
2023-02-04,1.2604224e+07
2023-02-05,9.653184e+06
2023-02-06,9.462784e+06
2023-02-07,9.123712e+06
2023-02-08,1.0173952e+07
2023-02-09,1.1317312e+07
2023-02-10,1.2907584e+07
2023-02-11,1.3393472e+07
2023-02-12,1.4859392e+07
2023-02-13,1.5119104e+07
2023-02-14,1.5871168e+07
2023-02-15,1.2388032e+07
2023-02-16,1.420544e+07
2023-02-17,1.4970304e+07
2023-02-18,1.5133888e+07
2023-02-19,1.3815616e+07
2023-02-20,1.2408064e+07
2023-02-21,1.1875392e+07
2023-02-22,1.6015104e+07
2023-02-23,1.2932096e+07
2023-02-24,1.7749056e+07
2023-02-25,1.7787072e+07
2023-02-26,1.7487616e+07
2023-02-27,1.7822656e+07
2023-02-28,1.7317696e+07
2023-03-01,1.6590016e+07
2023-03-02,1.487136e+07
2023-03-03,9.71552e+06
2023-03-04,1.5244928e+07
2023-03-05,1.1680448e+07
2023-03-06,1.1394432e+07
2023-03-07,1.8656e+07
2023-03-08,1.7833152e+07
2023-03-09,9.121088e+06
2023-03-10,1.7558272e+07
2023-03-11,1.4758208e+07
2023-03-12,1.8878848e+07
2023-03-13,1.8359936e+07
2023-03-14,1.9702208e+07
2023-03-15,1.9129344e+07
2023-03-16,1.1710144e+07
2023-03-17,5.315136e+06
2023-03-18,1.8249024e+07
2023-03-19,1.1745664e+07
2023-03-20,1.566944e+07
2023-03-21,1.556992e+07
2023-03-22,1.8286592e+07
2023-03-23,2.0108096e+07
2023-03-24,1.9062016e+07
2023-03-25,1.3754624e+07
2023-03-26,1.9433408e+07
2023-03-27,1.0034688e+07
2023-03-28,2.2513536e+07
2023-03-29,1.920416e+07
2023-03-30,1.402432e+07
2023-03-31,1.6414912e+07
2023-04-01,9.430592e+06
2023-04-02,2.2299648e+07
2023-04-03,1.8367296e+07
2023-04-04,2.2432064e+07
2023-04-05,2.2540096e+07
2023-04-06,2.2293568e+07
2023-04-07,2.0442944e+07
2023-04-08,1.9272064e+07
2023-04-09,2.4220672e+07
2023-04-10,1.3831424e+07
2023-04-11,1.4093632e+07
2023-04-12,1.54848e+07
2023-04-13,1.3519488e+07
2023-04-14,1.8727296e+07
2023-04-15,2.063584e+07
2023-04-16,2.5562624e+07
2023-04-17,2.0086848e+07
2023-04-18,2.366944e+07
2023-04-19,2.4555904e+07
2023-04-20,1.7171072e+07
2023-04-21,1.9943872e+07
2023-04-22,2.5772992e+07
2023-04-23,2.5046464e+07
2023-04-24,1.8533824e+07
2023-04-25,2.472096e+07
2023-04-26,2.4357056e+07
2023-04-27,2.1705536e+07
2023-04-28,2.232064e+07
2023-04-29,1.7590656e+07
2023-04-30,2.1369088e+07
2023-05-01,2.2280128e+07
2023-05-02,2.3597824e+07
2023-05-03,1.7208064e+07
2023-05-04,2.7389568e+07
2023-05-05,2.8506624e+07
2023-05-06,2.3393344e+07
2023-05-07,2.1488576e+07
2023-05-08,2.597344e+07
2023-05-09,2.518688e+07
2023-05-10,2.6599552e+07
2023-05-11,2.522112e+07
2023-05-12,2.3443584e+07
2023-05-13,1.4855488e+07
2023-05-14,1.8841728e+07
2023-05-15,1.9847808e+07
2023-05-16,2.6096384e+07
2023-05-17,2.6150912e+07
2023-05-18,2.656e+07
2023-05-19,2.3028096e+07
2023-05-20,1.232416e+07
2023-05-21,1.68752e+07
2023-05-22,2.5245184e+07
2023-05-23,2.5495424e+07
2023-05-24,2.3691904e+07
2023-05-25,2.2272512e+07
2023-05-26,2.554688e+07
2023-05-27,2.7458368e+07
2023-05-28,2.7579776e+07
2023-05-29,2.073408e+07
2023-05-30,2.6898112e+07
2023-05-31,2.2108608e+07
2023-06-01,2.7397376e+07
2023-06-02,2.8044672e+07
2023-06-03,2.7067968e+07
2023-06-04,2.6403328e+07
2023-06-05,2.7491904e+07
2023-06-06,2.6868032e+07
2023-06-07,2.409952e+07
2023-06-08,2.6289344e+07
2023-06-09,2.5161536e+07
2023-06-10,2.2864704e+07
2023-06-11,2.7603904e+07
2023-06-12,2.5361344e+07
2023-06-13,2.303232e+07
2023-06-14,2.4064384e+07
2023-06-15,2.4436224e+07
2023-06-16,2.4848256e+07
2023-06-17,2.8302528e+07
2023-06-18,2.537504e+07
2023-06-19,2.761056e+07
2023-06-20,2.4925056e+07
2023-06-21,2.2868928e+07
2023-06-22,2.3311168e+07
2023-06-23,2.0850368e+07
2023-06-24,2.3297024e+07
2023-06-25,3.0086592e+07
2023-06-26,3.0003648e+07
2023-06-27,2.5951808e+07
2023-06-28,2.7143424e+07
2023-06-29,2.5977664e+07
2023-06-30,2.7184832e+07
2023-07-01,2.8761088e+07
2023-07-02,3.0657024e+07
2023-07-03,2.89584e+07
2023-07-04,2.690592e+07
2023-07-05,2.6769856e+07
2023-07-06,2.782912e+07
2023-07-07,2.7983808e+07
2023-07-08,2.4828288e+07
2023-07-09,2.5152896e+07
2023-07-10,2.6646912e+07
2023-07-11,2.4224128e+07
2023-07-12,3.0361152e+07
2023-07-13,2.8726848e+07
2023-07-14,2.830208e+07
2023-07-15,2.6380544e+07
2023-07-16,2.5609856e+07
2023-07-17,2.5738752e+07
2023-07-18,2.6905984e+07
2023-07-19,2.9368384e+07
2023-07-20,2.7168128e+07
2023-07-21,2.6825664e+07
2023-07-22,2.7128704e+07
2023-07-23,2.6814976e+07
2023-07-24,2.4539776e+07
2023-07-25,2.1425024e+07
2023-07-26,2.4966528e+07
2023-07-27,2.642304e+07
2023-07-28,2.6881856e+07
2023-07-29,2.649472e+07
2023-07-30,2.381632e+07
2023-07-31,2.5083136e+07
2023-08-01,2.625248e+07
2023-08-02,2.7485376e+07
2023-08-03,2.5091648e+07
2023-08-04,2.1133056e+07
2023-08-05,2.3780032e+07
2023-08-06,2.4629376e+07
2023-08-07,2.2720128e+07
2023-08-08,2.4467328e+07
2023-08-09,2.5626304e+07
2023-08-10,2.6807232e+07
2023-08-11,2.648768e+07
2023-08-12,2.4568896e+07
2023-08-13,2.6357632e+07
2023-08-14,2.6595008e+07
2023-08-15,2.6280448e+07
2023-08-16,2.5754752e+07
2023-08-17,2.6280832e+07
2023-08-18,2.1846464e+07
2023-08-19,2.2137472e+07
2023-08-20,2.1817984e+07
2023-08-21,2.4484992e+07
2023-08-22,2.3721344e+07
2023-08-23,2.3579072e+07
2023-08-24,2.2827712e+07
2023-08-25,2.1033472e+07
2023-08-26,2.1609664e+07
2023-08-27,2.4481728e+07
2023-08-28,2.3003456e+07
2023-08-29,1.8505728e+07
2023-08-30,1.9708992e+07
2023-08-31,2.2488256e+07
2023-09-01,2.185856e+07
2023-09-02,2.1000576e+07
2023-09-03,2.1202048e+07
2023-09-04,2.248192e+07
2023-09-05,2.2400832e+07
2023-09-06,2.2384768e+07
2023-09-07,2.0709376e+07
2023-09-08,2.120064e+07
2023-09-09,1.4990528e+07
2023-09-10,2.2136384e+07
2023-09-11,1.7881536e+07
2023-09-12,8.133504e+06
2023-09-13,1.6564928e+07
2023-09-14,1.8483136e+07
2023-09-15,2.0536576e+07
2023-09-16,1.9879168e+07
2023-09-17,1.7287232e+07
2023-09-18,1.6975296e+07
2023-09-19,1.7937728e+07
2023-09-20,1.998208e+07
2023-09-21,1.9399872e+07
2023-09-22,1.9318592e+07
2023-09-23,1.8053184e+07
2023-09-24,1.7121536e+07
2023-09-25,1.4093888e+07
2023-09-26,1.3790208e+07
2023-09-27,1.75888e+07
2023-09-28,1.8396544e+07
2023-09-29,1.71056e+07
2023-09-30,1.6912256e+07
2023-10-01,1.5157312e+07
2023-10-02,1.3227136e+07
2023-10-03,8.809664e+06
2023-10-04,5.624384e+06
2023-10-05,1.75264e+07
2023-10-06,1.792352e+07
2023-10-07,1.7150144e+07
2023-10-08,1.764e+07
2023-10-09,1.6060672e+07
2023-10-10,1.1039552e+07
2023-10-11,1.4093504e+07
2023-10-12,1.5781056e+07
2023-10-13,1.5744576e+07
2023-10-14,1.5766848e+07
2023-10-15,1.594592e+07
2023-10-16,1.2092096e+07
2023-10-17,1.3622976e+07
2023-10-18,1.2884992e+07
2023-10-19,6.334336e+06
2023-10-20,1.3306432e+07
2023-10-21,1.4972864e+07
2023-10-22,1.467616e+07
2023-10-23,1.4415296e+07
2023-10-24,1.3765504e+07
2023-10-25,1.3062592e+07
2023-10-26,1.2469184e+07
2023-10-27,1.1396224e+07
2023-10-28,1.3309568e+07
2023-10-29,1.3600768e+07
2023-10-30,1.1480896e+07
2023-10-31,1.3053248e+07
2023-11-01,1.3179712e+07
2023-11-02,1.2016128e+07
2023-11-03,6.966528e+06
2023-11-04,1.1862592e+07
2023-11-05,1.274976e+07
2023-11-06,1.2334656e+07
2023-11-07,1.1730176e+07
2023-11-08,1.270176e+07
2023-11-09,1.1901632e+07
2023-11-10,1.096448e+07
2023-11-11,1.1018048e+07
2023-11-12,1.1597312e+07
2023-11-13,1.139328e+07
2023-11-14,7.198784e+06
2023-11-15,7.677568e+06
2023-11-16,9.644032e+06
2023-11-17,9.314944e+06
2023-11-18,1.0621632e+07
2023-11-19,8.13952e+06
2023-11-20,4.479872e+06
2023-11-21,9.341504e+06
2023-11-22,1.089376e+07
2023-11-23,1.011296e+07
2023-11-24,9.0272e+06
2023-11-25,9.223872e+06
2023-11-26,6.470976e+06
2023-11-27,5.052928e+06
2023-11-28,1.022272e+07
2023-11-29,9.816192e+06
2023-11-30,9.418624e+06
2023-12-01,9.779584e+06
2023-12-02,9.498496e+06
2023-12-03,9.4352e+06
2023-12-04,8.559232e+06
2023-12-05,9.170176e+06
2023-12-06,4.354624e+06
2023-12-07,7.694208e+06
2023-12-08,6.409472e+06
2023-12-09,3.803904e+06
2023-12-10,7.405952e+06
2023-12-11,7.963776e+06
2023-12-12,6.820544e+06
2023-12-13,2.939712e+06
2023-12-14,6.882816e+06
2023-12-15,7.961792e+06
2023-12-16,6.5728e+06
2023-12-17,7.60864e+06
2023-12-18,9.144e+06
2023-12-19,9.020224e+06
2023-12-20,9.161856e+06
2023-12-21,9.075648e+06
2023-12-22,5.782848e+06
2023-12-23,4.247872e+06
2023-12-24,7.505984e+06
2023-12-25,6.909568e+06
2023-12-26,6.039232e+06
2023-12-27,8.731904e+06
2023-12-28,7.71744e+06
2023-12-29,9.084352e+06
2023-12-30,9.258944e+06
2023-12-31,8.583232e+06
2024-01-01,8.041152e+06
2024-01-02,8.902144e+06
2024-01-03,7.593536e+06
2024-01-04,5.693632e+06
2024-01-05,2.277504e+06
2024-01-06,9.449664e+06
2024-01-07,9.636992e+06
2024-01-08,8.272832e+06
2024-01-09,5.259584e+06
2024-01-10,6.222848e+06
2024-01-11,7.405056e+06
2024-01-12,5.9968e+06
2024-01-13,9.63264e+06
2024-01-14,9.225088e+06
2024-01-15,1.001472e+07
2024-01-16,6.506688e+06
2024-01-17,6.685696e+06
2024-01-18,9.576576e+06
2024-01-19,9.576576e+06
2024-01-20,7.63104e+06
2024-01-21,5.427392e+06
2024-01-22,2.622272e+06
2024-01-23,3.793664e+06
2024-01-24,5.552512e+06
2024-01-25,9.804608e+06
2024-01-26,1.1227904e+07
2024-01-27,3.627712e+06
2024-01-28,1.1852288e+07
2024-01-29,8.475904e+06
2024-01-30,1.140672e+07
2024-01-31,1.2815808e+07
2024-02-01,1.2484864e+07
2024-02-02,1.315968e+07
2024-02-03,1.2393984e+07
2024-02-04,9.542144e+06
2024-02-05,8.563776e+06
2024-02-06,9.78912e+06
2024-02-07,1.1999424e+07
2024-02-08,9.920128e+06
2024-02-09,1.0833728e+07
2024-02-10,1.3214464e+07
2024-02-11,1.421344e+07
2024-02-12,1.3479168e+07
2024-02-13,1.1567488e+07
2024-02-14,1.0649536e+07
2024-02-15,8.914496e+06
2024-02-16,1.1988864e+07
2024-02-17,1.150592e+07
2024-02-18,9.431616e+06
2024-02-19,1.2222016e+07
2024-02-20,1.402848e+07
2024-02-21,1.4453824e+07
2024-02-22,1.4117312e+07
2024-02-23,9.057984e+06
2024-02-24,1.5528576e+07
2024-02-25,1.6036864e+07
2024-02-26,1.7723008e+07
2024-02-27,1.7925696e+07
2024-02-28,1.8134016e+07
2024-02-29,1.8379712e+07
2024-03-01,1.8441088e+07
2024-03-02,1.8472768e+07
2024-03-03,1.8053824e+07
2024-03-04,1.7245504e+07
2024-03-05,1.6588288e+07
2024-03-06,1.2631936e+07
2024-03-07,9.600192e+06
2024-03-08,1.7781952e+07
2024-03-09,1.7697792e+07
2024-03-10,1.0052608e+07
2024-03-11,1.7968e+07
2024-03-12,2.07024e+07
2024-03-13,1.964928e+07
2024-03-14,1.7824128e+07
2024-03-15,1.846944e+07
2024-03-16,1.59072e+07
2024-03-17,1.8781696e+07
2024-03-18,8.760768e+06
2024-03-19,5.920704e+06
2024-03-20,1.5145536e+07
2024-03-21,1.6119872e+07
2024-03-22,7.03712e+06
2024-03-23,1.5255552e+07
2024-03-24,2.0506688e+07
2024-03-25,1.2974336e+07
2024-03-26,8.945024e+06
2024-03-27,2.0072384e+07
2024-03-28,2.3559168e+07
2024-03-29,2.2840128e+07
2024-03-30,2.1687616e+07
2024-03-31,2.1171584e+07
2024-04-01,2.3770432e+07
2024-04-02,2.3803776e+07
2024-04-03,2.408992e+07
2024-04-04,2.1051328e+07
2024-04-05,2.317664e+07
2024-04-06,1.9934912e+07
2024-04-07,1.5014592e+07
2024-04-08,1.1999424e+07
2024-04-09,2.0333824e+07
2024-04-10,1.6001152e+07
2024-04-11,1.1669952e+07
2024-04-12,2.5241152e+07
2024-04-13,2.4128384e+07
2024-04-14,1.8533312e+07
2024-04-15,1.9136256e+07
2024-04-16,2.5914816e+07
2024-04-17,2.6435136e+07
2024-04-18,2.663872e+07
2024-04-19,2.511488e+07
2024-04-20,2.56864e+07
2024-04-21,2.442304e+07
2024-04-22,2.3875456e+07
2024-04-23,2.4918464e+07
2024-04-24,2.5934464e+07
2024-04-25,2.6733376e+07
2024-04-26,2.6707392e+07
2024-04-27,2.4764224e+07
2024-04-28,2.8023296e+07
2024-04-29,2.7894656e+07
2024-04-30,2.5095488e+07
2024-05-01,2.5282304e+07
2024-05-02,2.2281344e+07
2024-05-03,1.2360192e+07
2024-05-04,2.0805312e+07
2024-05-05,2.1420608e+07
2024-05-06,2.0856064e+07
2024-05-07,1.9368576e+07
2024-05-08,1.880288e+07
2024-05-09,2.5619904e+07
2024-05-10,2.5629568e+07
2024-05-11,1.6620608e+07
2024-05-12,2.444192e+07
2024-05-13,1.844672e+07
2024-05-14,1.3107264e+07
2024-05-15,2.5189568e+07
2024-05-16,2.3698048e+07
2024-05-17,2.5256384e+07
2024-05-18,2.6895232e+07
2024-05-19,2.3437568e+07
2024-05-20,2.6090624e+07
2024-05-21,2.1733056e+07
2024-05-22,2.0091264e+07
2024-05-23,2.3277312e+07
2024-05-24,1.5262784e+07
2024-05-25,1.6239872e+07
2024-05-26,2.0391616e+07
2024-05-27,2.6928192e+07
2024-05-28,2.5101248e+07
2024-05-29,2.8317696e+07
2024-05-30,2.7155456e+07
2024-05-31,2.4369152e+07
2024-06-01,2.6198592e+07
2024-06-02,2.40352e+07
2024-06-03,2.6321216e+07
2024-06-04,2.482464e+07
2024-06-05,2.880096e+07
2024-06-06,2.8606464e+07
2024-06-07,2.4475072e+07
2024-06-08,2.3536896e+07
2024-06-09,2.3245824e+07
2024-06-10,2.481568e+07
2024-06-11,2.2482368e+07
2024-06-12,2.674208e+07
2024-06-13,2.5578752e+07
2024-06-14,2.5450944e+07
2024-06-15,2.8424448e+07
2024-06-16,2.622336e+07
2024-06-17,2.7778816e+07
2024-06-18,2.6366016e+07
2024-06-19,2.7722496e+07
2024-06-20,2.6088768e+07
2024-06-21,2.6121472e+07
2024-06-22,2.8179008e+07
2024-06-23,2.9088e+07
2024-06-24,2.6852864e+07
2024-06-25,2.5910016e+07
2024-06-26,2.4851648e+07
2024-06-27,2.8687232e+07
2024-06-28,2.8918272e+07
2024-06-29,2.3981184e+07
2024-06-30,2.4609152e+07
2024-07-01,2.5242944e+07
2024-07-02,2.2860928e+07
2024-07-03,2.3551232e+07
2024-07-04,2.8698496e+07
2024-07-05,2.7634048e+07
2024-07-06,2.7421248e+07
2024-07-07,2.4479616e+07
2024-07-08,2.4053696e+07
2024-07-09,2.549312e+07
2024-07-10,2.5240576e+07
2024-07-11,2.7108736e+07
2024-07-12,2.6113472e+07
2024-07-13,2.2913408e+07
2024-07-14,2.3030912e+07
2024-07-15,2.5606656e+07
2024-07-16,2.3356352e+07
2024-07-17,2.5516544e+07
2024-07-18,2.2042752e+07
2024-07-19,2.3957696e+07
2024-07-20,2.3309312e+07
2024-07-21,2.0376256e+07
2024-07-22,2.5775296e+07
2024-07-23,2.4878016e+07
2024-07-24,2.4862848e+07
2024-07-25,2.2247616e+07
2024-07-26,2.26352e+07
2024-07-27,2.466976e+07
2024-07-28,2.131936e+07
2024-07-29,2.1068736e+07
2024-07-30,2.90064e+07
2024-07-31,2.3592896e+07
2024-08-01,2.44944e+07
2024-08-02,2.4614656e+07
2024-08-03,2.4453824e+07
2024-08-04,2.5883584e+07
2024-08-05,2.5743808e+07
2024-08-06,2.4037504e+07
2024-08-07,2.4141056e+07
2024-08-08,2.5765184e+07
2024-08-09,2.4943488e+07
2024-08-10,2.422272e+07
2024-08-11,2.0933312e+07
2024-08-12,2.133376e+07
2024-08-13,2.4607616e+07
2024-08-14,2.4635008e+07
2024-08-15,2.3888768e+07
2024-08-16,2.2728384e+07
2024-08-17,2.3801728e+07
2024-08-18,2.3120128e+07
2024-08-19,2.4366912e+07
2024-08-20,2.1954368e+07
2024-08-21,2.3779712e+07
2024-08-22,2.3683712e+07
2024-08-23,2.5518272e+07
2024-08-24,2.3019904e+07
2024-08-25,1.9936064e+07
2024-08-26,2.2670464e+07
2024-08-27,2.2565504e+07
2024-08-28,2.288832e+07
2024-08-29,2.3629888e+07
2024-08-30,2.1467712e+07
2024-08-31,2.1350528e+07
2024-09-01,2.290304e+07
2024-09-02,2.2914112e+07
2024-09-03,2.2506496e+07
2024-09-04,2.077408e+07
2024-09-05,2.063264e+07
2024-09-06,1.8644608e+07
2024-09-07,1.88912e+07
2024-09-08,2.1118464e+07
2024-09-09,2.1233152e+07
2024-09-10,1.7112704e+07
2024-09-11,2.123808e+07
2024-09-12,2.10544e+07
2024-09-13,1.8280704e+07
2024-09-14,1.7320064e+07
2024-09-15,1.4299584e+07
2024-09-16,1.7263808e+07
2024-09-17,1.8318592e+07
2024-09-18,1.6890688e+07
2024-09-19,1.332192e+07
2024-09-20,1.0310656e+07
2024-09-21,1.3521344e+07
2024-09-22,1.3894976e+07
2024-09-23,1.534848e+07
2024-09-24,1.6824064e+07
2024-09-25,1.8942144e+07
2024-09-26,1.457184e+07
2024-09-27,1.4030912e+07
2024-09-28,1.6707904e+07
2024-09-29,1.9114048e+07
2024-09-30,1.8934208e+07
2024-10-01,1.48544e+07
2024-10-02,1.2440768e+07
2024-10-03,1.706432e+07
2024-10-04,1.8111296e+07
2024-10-05,1.7711232e+07
2024-10-06,1.7749824e+07
2024-10-07,1.7624128e+07
2024-10-08,1.583616e+07
2024-10-09,1.6905024e+07
2024-10-10,1.6461632e+07
2024-10-11,8.50656e+06
2024-10-12,1.4307648e+07
2024-10-13,1.306592e+07
2024-10-14,8.792e+06
2024-10-15,9.835136e+06
2024-10-16,1.060768e+07
2024-10-17,8.856192e+06
2024-10-18,1.178464e+07
2024-10-19,1.3872384e+07
2024-10-20,1.5436288e+07
2024-10-21,1.3911232e+07
2024-10-22,1.2422592e+07
2024-10-23,1.5104256e+07
2024-10-24,1.3971328e+07
2024-10-25,1.291296e+07
2024-10-26,1.0731136e+07
2024-10-27,1.465184e+07
2024-10-28,1.4372864e+07
2024-10-29,1.405376e+07
2024-10-30,1.3284224e+07
2024-10-31,1.3339328e+07
2024-11-01,1.3399744e+07
2024-11-02,1.3262592e+07
2024-11-03,1.25152e+07
2024-11-04,9.010304e+06
2024-11-05,1.155552e+07
2024-11-06,1.3009472e+07
2024-11-07,1.2796672e+07
2024-11-08,1.2554624e+07
2024-11-09,1.2356416e+07
2024-11-10,1.2296192e+07
2024-11-11,9.565376e+06
2024-11-12,8.367744e+06
2024-11-13,1.0973504e+07
2024-11-14,1.1589376e+07
2024-11-15,1.07088e+07
2024-11-16,1.0167296e+07
2024-11-17,9.813184e+06
2024-11-18,7.21696e+06
2024-11-19,8.521536e+06
2024-11-20,9.595072e+06
2024-11-21,8.536384e+06
2024-11-22,9.367616e+06
2024-11-23,1.0108032e+07
2024-11-24,8.00448e+06
2024-11-25,6.377088e+06
2024-11-26,6.879936e+06
2024-11-27,4.421184e+06
2024-11-28,5.084224e+06
2024-11-29,9.916992e+06
2024-11-30,8.928512e+06
2024-12-01,9.010304e+06
2024-12-02,7.372608e+06
2024-12-03,8.127552e+06
2024-12-04,9.424192e+06
2024-12-05,8.85472e+06
2024-12-06,7.918592e+06
2024-12-07,9.3568e+06
2024-12-08,8.508992e+06
2024-12-09,8.436096e+06
2024-12-10,9.183744e+06
2024-12-11,8.606208e+06
2024-12-12,5.901888e+06
2024-12-13,8.162112e+06
2024-12-14,7.70624e+06
2024-12-15,9.091776e+06
2024-12-16,7.649792e+06
2024-12-17,8.463296e+06
2024-12-18,6.25824e+06
2024-12-19,7.242624e+06
2024-12-20,8.907008e+06
2024-12-21,8.972544e+06
2024-12-22,7.843648e+06
2024-12-23,8.094208e+06
2024-12-24,7.33152e+06
2024-12-25,8.68992e+06
2024-12-26,7.763072e+06
2024-12-27,5.214656e+06
2024-12-28,5.996608e+06
2024-12-29,7.822976e+06
2024-12-30,8.95968e+06
2024-12-31,8.449472e+06
2025-01-01,9.342528e+06
2025-01-02,9.430336e+06
2025-01-03,9.719936e+06
2025-01-04,9.81472e+06
2025-01-05,8.764416e+06
2025-01-06,8.789824e+06
2025-01-07,9.571008e+06
2025-01-08,9.685184e+06
2025-01-09,9.864e+06
2025-01-10,1.008704e+07
2025-01-11,1.0125504e+07
2025-01-12,7.605376e+06
2025-01-13,1.0073792e+07
2025-01-14,9.37728e+06
2025-01-15,7.801792e+06
2025-01-16,7.689984e+06
2025-01-17,8.104256e+06
2025-01-18,6.759808e+06
2025-01-19,6.223104e+06
2025-01-20,9.4912e+06
2025-01-21,1.12912e+07
2025-01-22,1.1570496e+07
2025-01-23,7.13984e+06
2025-01-24,8.608256e+06
2025-01-25,1.1037056e+07
2025-01-26,1.1460928e+07
2025-01-27,1.185312e+07
2025-01-28,1.2401664e+07
2025-01-29,1.2577792e+07
2025-01-30,1.2704e+07
2025-01-31,1.2805504e+07
2025-02-01,1.303488e+07
2025-02-02,1.2468224e+07
2025-02-03,1.2287616e+07
2025-02-04,1.31744e+07
2025-02-05,9.743488e+06
2025-02-06,6.463616e+06
2025-02-07,9.19392e+06
2025-02-08,9.633152e+06
2025-02-09,1.1803008e+07
2025-02-10,1.3559936e+07
2025-02-11,1.3894656e+07
2025-02-12,1.4831744e+07
2025-02-13,1.4868288e+07
2025-02-14,5.236352e+06
2025-02-15,1.4010176e+07
2025-02-16,1.5089728e+07
2025-02-17,1.520032e+07
2025-02-18,1.3036416e+07
2025-02-19,1.1067584e+07
2025-02-20,4.664384e+06
2025-02-21,1.03152e+07
2025-02-22,1.16912e+07
2025-02-23,1.2496e+07
2025-02-24,1.3738048e+07
2025-02-25,1.547776e+07
2025-02-26,1.4192448e+07
2025-02-27,1.4896192e+07
2025-02-28,1.8179968e+07
2025-03-01,1.3903232e+07
2025-03-02,1.815616e+07
2025-03-03,1.275968e+07
2025-03-04,1.353536e+07
2025-03-05,1.8776384e+07
2025-03-06,1.8933184e+07
2025-03-07,1.913152e+07
2025-03-08,1.9333184e+07
2025-03-09,1.9342208e+07
2025-03-10,1.8864704e+07
2025-03-11,1.8859008e+07
2025-03-12,2.010816e+07
2025-03-13,2.039008e+07
2025-03-14,2.0676096e+07
2025-03-15,2.0121088e+07
2025-03-16,2.0603456e+07
2025-03-17,2.0376384e+07
2025-03-18,1.9155712e+07
2025-03-19,1.1323904e+07
2025-03-20,1.8540352e+07
2025-03-21,1.6233408e+07
2025-03-22,1.5664704e+07
2025-03-23,1.7189376e+07
2025-03-24,2.1007488e+07
2025-03-25,2.2386048e+07
2025-03-26,1.9661376e+07
2025-03-27,1.767424e+07
2025-03-28,2.0850112e+07
2025-03-29,2.0077376e+07
2025-03-30,2.076064e+07
2025-03-31,1.6691136e+07
2025-04-01,2.378464e+07
2025-04-02,1.3286528e+07
2025-04-03,2.1955136e+07
2025-04-04,2.277792e+07
2025-04-05,1.9260416e+07
2025-04-06,2.2027648e+07
2025-04-07,1.6434752e+07
2025-04-08,1.307584e+07
2025-04-09,1.3898752e+07
2025-04-10,1.7540224e+07
2025-04-11,2.39808e+07
2025-04-12,1.9304512e+07
2025-04-13,1.8616256e+07
2025-04-14,1.6440256e+07
2025-04-15,1.2421568e+07
2025-04-16,1.0003072e+07
2025-04-17,2.4344512e+07
2025-04-18,2.5966464e+07
2025-04-19,2.5366272e+07
2025-04-20,1.9651136e+07
2025-04-21,2.3708928e+07
2025-04-22,2.3644864e+07
2025-04-23,1.850304e+07
2025-04-24,2.3362944e+07
2025-04-25,1.5501632e+07
2025-04-26,2.5922496e+07
2025-04-27,2.4440704e+07
2025-04-28,2.2170752e+07
2025-04-29,2.0699264e+07
2025-04-30,2.3951872e+07
2025-05-01,2.388192e+07
2025-05-02,2.07888e+07
2025-05-03,2.4076992e+07
2025-05-04,2.245472e+07
2025-05-05,1.8617664e+07
2025-05-06,1.7847872e+07
2025-05-07,2.8268224e+07
2025-05-08,2.4131776e+07
2025-05-09,2.6284992e+07
2025-05-10,2.6909312e+07
2025-05-11,2.3753792e+07
2025-05-12,2.0603904e+07
2025-05-13,1.8069952e+07
2025-05-14,1.9815744e+07
2025-05-15,1.3306112e+07
2025-05-16,2.8401856e+07
2025-05-17,2.9121792e+07
2025-05-18,2.3153856e+07
2025-05-19,2.6919552e+07
2025-05-20,2.7846784e+07
2025-05-21,2.7375424e+07
2025-05-22,2.9713344e+07
2025-05-23,2.5868736e+07
2025-05-24,2.5095168e+07
2025-05-25,2.456416e+07
2025-05-26,2.6420288e+07
2025-05-27,2.2654976e+07
2025-05-28,2.4452736e+07
2025-05-29,2.5861632e+07
2025-05-30,2.4383296e+07
2025-05-31,2.9579712e+07
2025-06-01,2.97984e+07
2025-06-02,2.8029696e+07
2025-06-03,2.300992e+07
2025-06-04,1.6691072e+07
2025-06-05,2.7046784e+07
2025-06-06,2.3194432e+07
2025-06-07,2.7103744e+07
2025-06-08,2.858528e+07
2025-06-09,2.499552e+07
2025-06-10,2.3182976e+07
2025-06-11,2.723136e+07
2025-06-12,2.6053696e+07
2025-06-13,2.7289216e+07
2025-06-14,2.8087936e+07
2025-06-15,2.529888e+07
2025-06-16,2.4621824e+07
2025-06-17,2.735328e+07
2025-06-18,2.9380928e+07
2025-06-19,3.0638848e+07
2025-06-20,3.02064e+07
2025-06-21,2.7004288e+07
2025-06-22,2.592832e+07
2025-06-23,2.5003264e+07
2025-06-24,3.1118848e+07
2025-06-25,2.901312e+07
2025-06-26,2.8803264e+07
2025-06-27,2.9125184e+07
2025-06-28,2.8905216e+07
2025-06-29,2.5368576e+07
2025-06-30,2.3277952e+07
2025-07-01,2.561024e+07
2025-07-02,2.4660096e+07
2025-07-03,1.8886144e+07
2025-07-04,2.5605248e+07
2025-07-05,2.1057728e+07
2025-07-06,1.6916096e+07
2025-07-07,2.4203072e+07
2025-07-08,2.3376704e+07
2025-07-09,2.6889472e+07
2025-07-10,2.5984128e+07
2025-07-11,2.6678528e+07
2025-07-12,2.6273728e+07
2025-07-13,2.6797312e+07
2025-07-14,2.6838912e+07
2025-07-15,2.6789824e+07
2025-07-16,2.6811136e+07
2025-07-17,2.6561216e+07
2025-07-18,2.7104256e+07
2025-07-19,2.6860032e+07
2025-07-20,2.5435072e+07
2025-07-21,2.5213248e+07
2025-07-22,2.5238464e+07
2025-07-23,2.8085504e+07
2025-07-24,2.6994048e+07
2025-07-25,2.4391232e+07
2025-07-26,2.3875584e+07
2025-07-27,2.6691072e+07
2025-07-28,2.6110912e+07
2025-07-29,2.5177472e+07
2025-07-30,2.5953088e+07
2025-07-31,2.502272e+07
2025-08-01,2.4067328e+07
2025-08-02,2.3852544e+07
2025-08-03,2.4332992e+07
2025-08-04,2.476992e+07
2025-08-05,2.6165952e+07
2025-08-06,2.4955072e+07
2025-08-07,2.4578752e+07
2025-08-08,2.5072256e+07
2025-08-09,2.497344e+07
2025-08-10,2.4435712e+07
2025-08-11,2.2038336e+07
2025-08-12,2.11856e+07
2025-08-13,2.4304384e+07
2025-08-14,2.5647104e+07
2025-08-15,2.592128e+07
2025-08-16,2.2074816e+07
2025-08-17,2.199712e+07
2025-08-18,2.6787456e+07
2025-08-19,2.5319104e+07
2025-08-20,2.4331904e+07
2025-08-21,2.2608448e+07
2025-08-22,2.3432e+07
2025-08-23,2.4955648e+07
2025-08-24,2.4870016e+07
2025-08-25,2.1597312e+07
2025-08-26,2.2023744e+07
2025-08-27,2.206528e+07
2025-08-28,2.2971392e+07
2025-08-29,2.3365824e+07
2025-08-30,2.4236928e+07
2025-08-31,2.298944e+07
2025-09-01,2.1047744e+07
2025-09-02,2.2560128e+07
2025-09-03,2.2122112e+07
2025-09-04,2.0458368e+07
2025-09-05,2.036768e+07
2025-09-06,2.0273856e+07
2025-09-07,2.1276864e+07
2025-09-08,2.1316672e+07
2025-09-09,2.0947136e+07
2025-09-10,2.0523648e+07
2025-09-11,1.548128e+07
2025-09-12,1.7182784e+07
2025-09-13,2.1206016e+07
2025-09-14,1.8532416e+07
2025-09-15,1.9762304e+07
2025-09-16,2.0017984e+07
2025-09-17,1.6194944e+07
2025-09-18,1.9764672e+07
2025-09-19,1.0372416e+07
2025-09-20,1.544768e+07
2025-09-21,1.6386688e+07
2025-09-22,1.6340928e+07
2025-09-23,1.9019968e+07
2025-09-24,1.9612736e+07
2025-09-25,1.9568384e+07
2025-09-26,1.8186368e+07
2025-09-27,1.6572032e+07
2025-09-28,1.8347136e+07
2025-09-29,1.881632e+07
2025-09-30,1.8028096e+07
2025-10-01,9.737856e+06
2025-10-02,1.1465728e+07
2025-10-03,1.7866496e+07
2025-10-04,1.8084096e+07
2025-10-05,1.8185664e+07
2025-10-06,1.7791936e+07
2025-10-07,1.75952e+07
2025-10-08,1.731936e+07
2025-10-09,1.712064e+07
2025-10-10,1.677184e+07
2025-10-11,1.6909376e+07
2025-10-12,1.6385024e+07
2025-10-13,1.2500224e+07
2025-10-14,1.6551552e+07
2025-10-15,1.6107648e+07
2025-10-16,1.5999616e+07
2025-10-17,1.5449728e+07
2025-10-18,1.525344e+07
2025-10-19,1.4322112e+07
2025-10-20,1.397408e+07
2025-10-21,1.12256e+07
2025-10-22,1.420992e+07
2025-10-23,1.2832576e+07
2025-10-24,1.3306112e+07
2025-10-25,1.3184512e+07
2025-10-26,1.1098944e+07
2025-10-27,1.2597568e+07
2025-10-28,1.3911424e+07
2025-10-29,1.1822208e+07
2025-10-30,1.2870144e+07
2025-10-31,1.3994496e+07
2025-11-01,1.3754752e+07
2025-11-02,1.3593152e+07
2025-11-03,1.3592384e+07
2025-11-04,1.305504e+07
2025-11-05,1.1482112e+07
2025-11-06,1.2502592e+07
2025-11-07,1.2235456e+07
2025-11-08,1.2038016e+07
2025-11-09,1.2107072e+07
2025-11-10,1.2077376e+07
2025-11-11,1.1775104e+07
2025-11-12,1.0657664e+07
2025-11-13,1.0958656e+07
2025-11-14,1.1195712e+07
2025-11-15,5.748736e+06
2025-11-16,6.389248e+06
2025-11-17,7.63296e+06
2025-11-18,1.0820352e+07
2025-11-19,1.1240064e+07
2025-11-20,1.100832e+07
2025-11-21,1.0996288e+07
2025-11-22,1.0957952e+07
2025-11-23,1.0888768e+07
2025-11-24,1.0823936e+07
2025-11-25,9.887104e+06
2025-11-26,8.340416e+06
2025-11-27,1.0158848e+07
2025-11-28,1.0166208e+07
2025-11-29,9.671168e+06
2025-11-30,9.856256e+06
2025-12-01,8.045504e+06
2025-12-02,7.303104e+06
2025-12-03,9.672384e+06
2025-12-04,9.717568e+06
2025-12-05,9.354816e+06
2025-12-06,6.24032e+06
2025-12-07,2.582208e+06
2025-12-08,5.787712e+06
2025-12-09,4.602304e+06
2025-12-10,5.295616e+06
2025-12-11,5.28e+06
2025-12-12,6.859456e+06
2025-12-13,7.09184e+06
2025-12-14,8.843008e+06
2025-12-15,8.514432e+06
2025-12-16,7.025728e+06
2025-12-17,8.889408e+06
2025-12-18,9.001664e+06
2025-12-19,9.139648e+06
2025-12-20,9.241024e+06
2025-12-21,9.266624e+06
2025-12-22,8.184768e+06
2025-12-23,8.993024e+06
2025-12-24,8.97824e+06
2025-12-25,8.855104e+06
2025-12-26,7.698048e+06
2025-12-27,5.612672e+06
2025-12-28,7.641152e+06
2025-12-29,5.307968e+06
2025-12-30,9.403264e+06
2025-12-31,5.693312e+06
2026-01-01,5.00896e+06
2026-01-02,7.708928e+06
2026-01-03,1.014784e+07
2026-01-04,9.582912e+06
2026-01-05,9.572352e+06
2026-01-06,9.305472e+06
2026-01-07,9.992896e+06
2026-01-08,9.649344e+06
2026-01-09,4.811776e+06
2026-01-10,7.311488e+06
2026-01-11,7.45152e+06
2026-01-12,9.96768e+06
2026-01-13,6.732544e+06
2026-01-14,7.604608e+06
2026-01-15,1.009728e+07
2026-01-16,9.869184e+06
2026-01-17,9.325696e+06
2026-01-18,7.10528e+06
2026-01-19,5.221696e+06
2026-01-20,5.280512e+06
2026-01-21,9.03904e+06
2026-01-22,9.850752e+06
2026-01-23,4.058688e+06
2026-01-24,1.0584448e+07
2026-01-25,1.1669696e+07
2026-01-26,1.1936128e+07
2026-01-27,1.1547136e+07
2026-01-28,8.96608e+06
2026-01-29,1.1105984e+07
2026-01-30,9.93024e+06
2026-01-31,5.770688e+06
2026-02-01,8.017664e+06
2026-02-02,6.784128e+06
2026-02-03,8.439744e+06
2026-02-04,8.233088e+06
2026-02-05,1.248384e+07
2026-02-06,1.2527552e+07
2026-02-07,8.725184e+06
2026-02-08,8.15136e+06
2026-02-09,7.541952e+06
2026-02-10,5.22816e+06
2026-02-11,8.615488e+06
2026-02-12,7.302464e+06
2026-02-13,6.970816e+06
2026-02-14,6.65248e+06
2026-02-15,1.4711296e+07
2026-02-16,1.531456e+07
2026-02-17,1.1797504e+07
2026-02-18,1.1781056e+07
2026-02-19,1.3937664e+07
2026-02-20,1.6242752e+07
2026-02-21,1.6567424e+07
2026-02-22,1.5347008e+07
2026-02-23,1.5188032e+07
2026-02-24,1.1200384e+07
2026-02-25,1.4636992e+07
2026-02-26,1.1470912e+07
2026-02-27,6.1248e+06
2026-02-28,9.13056e+06
2026-03-01,9.889984e+06
2026-03-02,1.5689088e+07
2026-03-03,1.8338816e+07
2026-03-04,1.1420928e+07
2026-03-05,1.8530176e+07
2026-03-06,1.6300096e+07
2026-03-07,1.0081344e+07
2026-03-08,1.4405952e+07
2026-03-09,1.690304e+07
2026-03-10,1.991584e+07
2026-03-11,1.8488192e+07
2026-03-12,1.8167872e+07
2026-03-13,1.9463616e+07
2026-03-14,1.757984e+07
2026-03-15,7.451136e+06
2026-03-16,1.1833728e+07
2026-03-17,1.8064768e+07
2026-03-18,2.0962112e+07
2026-03-19,2.0137792e+07
2026-03-20,7.269824e+06
2026-03-21,1.772096e+07
2026-03-22,1.143104e+07
2026-03-23,1.5799488e+07
2026-03-24,1.914432e+07
2026-03-25,1.1985344e+07
2026-03-26,1.2923072e+07
2026-03-27,6.801216e+06
2026-03-28,6.669504e+06
2026-03-29,9.601344e+06
2026-03-30,1.1852352e+07
2026-03-31,1.1385664e+07
2026-04-01,2.1297152e+07
2026-04-02,1.7907904e+07
2026-04-03,118144.0
